Season,State,Association,Gender,Classification,Weight,Bout (1st/3rd/5th/7th),Winner,Winner School,Loser,Loser School,Result Type,Score,Fall Time,Source URL,Key (helper)
2025,NC,NCHSAA,Boys,1A,106,1st,Skyler Anderson,Robbinsville High School,Alexandero Ical tuil,Avery County High School,Decision,5-3,,https://www.flowrestling.org/events/12908045,
2025,NC,NCHSAA,Boys,1A,106,3rd,Angel Olalde,Mount Airy High School,Ayven Virasone Chitavong,Uwharrie Charter Academy,Major Decision,9-1,,https://www.flowrestling.org/events/12908045,
2025,NC,NCHSAA,Boys,1A,113,1st,Adair Panama,Robbinsville High School,Holton Quincy,North East Carolina Preparatory School,Decision,5-3,,https://www.flowrestling.org/events/12908045,
2025,NC,NCHSAA,Boys,1A,113,3rd,Justice Collins,Mount Airy High School,Sullivan Cunningham,Swain County High School,Fall,,4:44,https://www.flowrestling.org/events/12908045,
2025,NC,NCHSAA,Boys,1A,120,1st,Cooper Foster,Avery County High School,Efrain Rivera,Polk County High School,Major Decision,11-3,,https://www.flowrestling.org/events/12908045,
2025,NC,NCHSAA,Boys,1A,120,3rd,Andrew White,Uwharrie Charter Academy,Kaiden Dahle,South Stanly High School,Major Decision,12-4,,https://www.flowrestling.org/events/12908045,
2025,NC,NCHSAA,Boys,1A,126,1st,David Lambright,Eastern Randolph High School,Kale Stephenson,Swain County High School,Tech Fall,20-2,2:51,https://www.flowrestling.org/events/12908045,
2025,NC,NCHSAA,Boys,1A,126,3rd,Ikey Holt,South Stanly High School,Amon Villarreal,Polk County High School,Decision,2-0,,https://www.flowrestling.org/events/12908045,
2025,NC,NCHSAA,Boys,1A,132,1st,Loxston Hooper,Robbinsville High School,Stephen Ribustello,Tarboro High School,Decision,9-6,,https://www.flowrestling.org/events/12908045,
2025,NC,NCHSAA,Boys,1A,132,3rd,Cooper Wingate,The North Carolina Leadership Academy,Dontae Smith,Thomasville High School,Decision,7-5,,https://www.flowrestling.org/events/12908045,
2025,NC,NCHSAA,Boys,1A,138,1st,Ryan Mann,North East Carolina Preparatory School,Alex Spainhour,Mount Airy High School,Major Decision,10-0,,https://www.flowrestling.org/events/12908045,
2025,NC,NCHSAA,Boys,1A,138,3rd,Eli Thomas,Alleghany High School,Rick Riccardella,Uwharrie Charter Academy,Fall,,0:20,https://www.flowrestling.org/events/12908045,
2025,NC,NCHSAA,Boys,1A,144,1st,Joseph Jones,Mount Airy High School,Koen Kiser,Rosman,Fall,,1:29,https://www.flowrestling.org/events/12908045,
2025,NC,NCHSAA,Boys,1A,144,3rd,Mason Bentley,Avery County High School,Brandon Jordan,Uwharrie Charter Academy,Decision,1-0,,https://www.flowrestling.org/events/12908045,
2025,NC,NCHSAA,Boys,1A,150,1st,Carson Worrick,Alleghany High School,Jack Martin,Mount Airy High School,Major Decision,9-1,,https://www.flowrestling.org/events/12908045,
2025,NC,NCHSAA,Boys,1A,150,3rd,Isaiah Mewborn,Pamlico County High School,Mason Leonard,South Davidson Middle and High School,Fall,,2:53,https://www.flowrestling.org/events/12908045,
2025,NC,NCHSAA,Boys,1A,157,1st,Lorenzo Alston,Uwharrie Charter Academy,Michael Mauro,Bradford Preparatory School,Major Decision,12-2,,https://www.flowrestling.org/events/12908045,
2025,NC,NCHSAA,Boys,1A,157,3rd,Landon Browning,Tarboro High School,Styler Blackwell,Polk County High School,Major Decision,19-7,,https://www.flowrestling.org/events/12908045,
2025,NC,NCHSAA,Boys,1A,165,1st,Kenneth Pritz,Avery County High School,John Martin,Mount Airy High School,Major Decision,11-3,,https://www.flowrestling.org/events/12908045,
2025,NC,NCHSAA,Boys,1A,165,3rd,Aiden Foster,Uwharrie Charter Academy,Alexis Nuevo,Alleghany High School,Major Decision,14-2,,https://www.flowrestling.org/events/12908045,
2025,NC,NCHSAA,Boys,1A,175,1st,Andrew Meadows,Mount Airy High School,Elijah Williams,Union Academy,Fall,,2:54,https://www.flowrestling.org/events/12908045,
2025,NC,NCHSAA,Boys,1A,175,3rd,Caden Bond,Uwharrie Charter Academy,Clay Seagle,Swain County High School,Major Decision,10-2,,https://www.flowrestling.org/events/12908045,
2025,NC,NCHSAA,Boys,1A,190,1st,Cael Dunn,Avery County High School,Joseph Miller,Lejeune,Fall,,1:11,https://www.flowrestling.org/events/12908045,
2025,NC,NCHSAA,Boys,1A,190,3rd,Aldinio Previl,Rosewood High School,Bryson Caudle,Mount Airy High School,Decision,4-1,,https://www.flowrestling.org/events/12908045,
2025,NC,NCHSAA,Boys,1A,215,1st,Michael Shropshire,Uwharrie Charter Academy,Aaron Ruiz-angel,Mount Airy High School,Major Decision,17-7,,https://www.flowrestling.org/events/12908045,
2025,NC,NCHSAA,Boys,1A,215,3rd,Connor Brinkley,Jimmy C. Draughn High School,Nick Wade,Rosewood High School,Decision,8-5,,https://www.flowrestling.org/events/12908045,
2025,NC,NCHSAA,Boys,1A,285,1st,Maddox Carson,Eastern Randolph High School,Jason Vielandi,Alleghany High School,Decision,4-1,,https://www.flowrestling.org/events/12908045,
2025,NC,NCHSAA,Boys,1A,285,3rd,Daniel Silver,North East Carolina Preparatory School,Jonah Teesateskie,Robbinsville High School,Fall,,1:32,https://www.flowrestling.org/events/12908045,
2025,NC,NCHSAA,Boys,2A,106,3rd,Hunter Dancy,North Wilkes High School,Colton McBride,McMichael,Fall,,3:38,https://www.flowrestling.org/events/12908045,
2025,NC,NCHSAA,Boys,2A,106,1st,Aiden Burkholder,Trinity,Sam Boltes,Washington High School,Fall,,5:04,https://www.flowrestling.org/events/12908045,
2025,NC,NCHSAA,Boys,2A,113,3rd,Alan Benitez,Forbush,Travis Goode,Maiden High School,Major Decision,11-2,,https://www.flowrestling.org/events/12908045,
2025,NC,NCHSAA,Boys,2A,113,1st,Jordan Miller,Seaforth High School,Tyler Kendrick,John M. Morehead High School,Tech Fall,17-1,2:11,https://www.flowrestling.org/events/12908045,
2025,NC,NCHSAA,Boys,2A,120,3rd,Brandon Nolasco-Rayo,Louisburg Magnet High School,Jose Trejo,Surry Central,Decision,11-8,,https://www.flowrestling.org/events/12908045,
2025,NC,NCHSAA,Boys,2A,120,1st,Gabe Rogers,Seaforth High School,Fernando Teniente,West Caldwell High School,Decision,10-7,,https://www.flowrestling.org/events/12908045,
2025,NC,NCHSAA,Boys,2A,126,3rd,Sam Gosnell,Rutherfordton-Spindale Central High School,Seth Almond,Mt Pleasant,Major Decision,8-0,,https://www.flowrestling.org/events/12908045,
2025,NC,NCHSAA,Boys,2A,126,1st,Ayden Sumners,Wheatmore,Bryce Perry,Washington High School,Decision,6-5,,https://www.flowrestling.org/events/12908045,
2025,NC,NCHSAA,Boys,2A,132,3rd,Adrian Fox,Chase,Bladen Davis,South Lenoir High School,Fall,,4:02,https://www.flowrestling.org/events/12908045,
2025,NC,NCHSAA,Boys,2A,132,1st,Layne Armstrong,Seaforth High School,Cameron Gue,Mt Pleasant,Fall,,1:41,https://www.flowrestling.org/events/12908045,
2025,NC,NCHSAA,Boys,2A,138,3rd,Alexander May,Hendersonville High School,Michael Fischer,East Surry,Major Decision,13-5,,https://www.flowrestling.org/events/12908045,
2025,NC,NCHSAA,Boys,2A,138,1st,Elijah Horton,John M. Morehead High School,Jaden Allred,Trinity,Decision,9-3,,https://www.flowrestling.org/events/12908045,
2025,NC,NCHSAA,Boys,2A,144,3rd,Jazay Millner,John M. Morehead High School,Ashton Shields-Adams,Southwest Onslow High School,Decision,8-5,,https://www.flowrestling.org/events/12908045,
2025,NC,NCHSAA,Boys,2A,144,1st,Boedi Kirkland,Newton-Conover High School,Gabe Foreman,Washington High School,Fall,,2:50,https://www.flowrestling.org/events/12908045,
2025,NC,NCHSAA,Boys,2A,150,3rd,Brandon Mcbride,Lincolnton High School,Nathan Howard,John M. Morehead High School,Fall,,4:24,https://www.flowrestling.org/events/12908045,
2025,NC,NCHSAA,Boys,2A,150,1st,Gerald Johnson,West Craven High School,Chris Aparicio,Lincoln Charter,Fall,,4:28,https://www.flowrestling.org/events/12908045,
2025,NC,NCHSAA,Boys,2A,157,3rd,Brayden Smith,East Gaston,Trenstin Bolden,Southwest Onslow High School,Tech Fall,18-0,4:15,https://www.flowrestling.org/events/12908045,
2025,NC,NCHSAA,Boys,2A,157,1st,Caleb Cox,Rutherfordton-Spindale Central High School,Ethan Mcmanus,Bunker Hill High School,Tech Fall,15-0,1:21,https://www.flowrestling.org/events/12908045,
2025,NC,NCHSAA,Boys,2A,165,3rd,Connor Ridgell,Wilkes Central High School,Leviathan Haynes,Lexington,Decision,10-5,,https://www.flowrestling.org/events/12908045,
2025,NC,NCHSAA,Boys,2A,165,1st,Lawson Coltrane,Trinity,Connor Byrd,Bandys High School,Decision,7-2,,https://www.flowrestling.org/events/12908045,
2025,NC,NCHSAA,Boys,2A,175,3rd,Gavin Gholami,Lincolnton High School,Josiah Daniel,J.F. Webb High School,Fall,,3:43,https://www.flowrestling.org/events/12908045,
2025,NC,NCHSAA,Boys,2A,175,1st,Dominic Hittepole,Wheatmore,Jacob Reigel,Mt Pleasant,Decision,7-0,,https://www.flowrestling.org/events/12908045,
2025,NC,NCHSAA,Boys,2A,190,3rd,Harrison Compton,Seaforth High School,Clark Kellar,Pasquotank County High School,Fall,,3:42,https://www.flowrestling.org/events/12908045,
2025,NC,NCHSAA,Boys,2A,190,1st,Jesus Jarquin Ambrosio,Monroe,Jacob Hudgins,Rutherfordton-Spindale Central High School,Decision,10-3,,https://www.flowrestling.org/events/12908045,
2025,NC,NCHSAA,Boys,2A,215,3rd,Rylan Heers,Bandys High School,Asher Eason,Heide Trask Senior High School,Decision,7-4,,https://www.flowrestling.org/events/12908045,
2025,NC,NCHSAA,Boys,2A,215,1st,Braxton Walker,Randleman High School,Ethan Kuball,Seaforth High School,Major Decision,14-2,,https://www.flowrestling.org/events/12908045,
2025,NC,NCHSAA,Boys,2A,285,3rd,Jose Flores,Southwestern Randolph High School,Antonio Nixon,Heide Trask Senior High School,Decision,5-1,,https://www.flowrestling.org/events/12908045,
2025,NC,NCHSAA,Boys,2A,285,1st,Jaden Mcclary,Goldsboro High School,Michael Vazquez,McMichael,Fall,,2:50,https://www.flowrestling.org/events/12908045,
2025,NC,NCHSAA,Boys,3A,106,3rd,Jaxon Thomas,Piedmont High School,Colton Farmer,Enka High School,Major Decision,12-4,,https://www.flowrestling.org/events/12908045,
2025,NC,NCHSAA,Boys,3A,106,1st,Liam Myles,Union Pines,Sander Tran,South Central High School,Fall,,3:06,https://www.flowrestling.org/events/12908045,
2025,NC,NCHSAA,Boys,3A,113,3rd,Taveon Moss,Person,Abrey Verhow,White Oak High School,Decision,3-1,,https://www.flowrestling.org/events/12908045,
2025,NC,NCHSAA,Boys,3A,113,1st,Mateo Diaz,South Rowan High School,Brayden Reid,Hibriten High School,Decision,10-3,,https://www.flowrestling.org/events/12908045,
2025,NC,NCHSAA,Boys,3A,120,3rd,Cole Hunt,Jacksonville High School,Ethan Brownlee,South Johnston High School,Fall,,,https://www.flowrestling.org/events/12908045,
2025,NC,NCHSAA,Boys,3A,120,1st,Kane Bryson,Pisgah High School,Mac Johnson,Cape Fear,Fall,,1:24,https://www.flowrestling.org/events/12908045,
2025,NC,NCHSAA,Boys,3A,126,3rd,Gavin Nipper,Jacksonville High School,Kaden Helms,North Lincoln High School,Decision,5-4,,https://www.flowrestling.org/events/12908045,
2025,NC,NCHSAA,Boys,3A,126,1st,Tye Johnson,Cape Fear,Kyle Simpson,Parkwood High School,Decision,10-6,,https://www.flowrestling.org/events/12908045,
2025,NC,NCHSAA,Boys,3A,132,3rd,James Campos,White Oak High School,Maxwell Davis,Jacksonville High School,Major Decision,20-6,,https://www.flowrestling.org/events/12908045,
2025,NC,NCHSAA,Boys,3A,132,1st,Elijah Dorsey,Dudley,Till Helms,North Lincoln High School,Decision,14-7,,https://www.flowrestling.org/events/12908045,
2025,NC,NCHSAA,Boys,3A,138,3rd,Gage Helms,North Lincoln High School,Austin Laws,Fred T. Foard High School,Decision,5-4,,https://www.flowrestling.org/events/12908045,
2025,NC,NCHSAA,Boys,3A,138,1st,Kevin O`Brien,West Rowan High School,Shawn Bass,Dudley,Decision,9-8,,https://www.flowrestling.org/events/12908045,
2025,NC,NCHSAA,Boys,3A,144,3rd,Corbin McCartney,Central Davidson High School,Evan Thompson,Union Pines,Fall,,4:08,https://www.flowrestling.org/events/12908045,
2025,NC,NCHSAA,Boys,3A,144,1st,Bentley Sly,Stuart W. Cramer High School,Hayden Smith,White Oak High School,Tech Fall,15-0,1:03,https://www.flowrestling.org/events/12908045,
2025,NC,NCHSAA,Boys,3A,150,3rd,Luke Osborne,Ashe County High School,Kirick Gurkin,North Brunswick High School,Decision,13-7,,https://www.flowrestling.org/events/12908045,
2025,NC,NCHSAA,Boys,3A,150,1st,Will Varner,Kings Mountain High School,Elijah Oakley,Piedmont High School,Tech Fall,17-2,4:29,https://www.flowrestling.org/events/12908045,
2025,NC,NCHSAA,Boys,3A,157,3rd,Justin Root,Dixon High School,Chase Hillis,Tuscola,Decision,5-2,,https://www.flowrestling.org/events/12908045,
2025,NC,NCHSAA,Boys,3A,157,1st,Imon Freeman,Montgomery Central High School,Kavan Wilson,Smoky Mountain High School,Major Decision,14-5,,https://www.flowrestling.org/events/12908045,
2025,NC,NCHSAA,Boys,3A,165,3rd,Tripp Sullivan,Union Pines,Troy Shannon,Terry Sanford,Decision,4-3,,https://www.flowrestling.org/events/12908045,
2025,NC,NCHSAA,Boys,3A,165,1st,Nathan McCartney,Central Davidson High School,Will Fincher,St. Stephens High School,Decision,4-0,,https://www.flowrestling.org/events/12908045,
2025,NC,NCHSAA,Boys,3A,175,3rd,Jacob Hillis,Oak Grove High School,Micah Geoghegan,St. Stephens High School,Decision,13-7,,https://www.flowrestling.org/events/12908045,
2025,NC,NCHSAA,Boys,3A,175,1st,Dominic Blue,Union Pines,Noah Michael,Franklinton,Major Decision,13-3,,https://www.flowrestling.org/events/12908045,
2025,NC,NCHSAA,Boys,3A,190,3rd,Devin Cotton,Dudley,Coleman Jones,Enka High School,Decision,4-2,,https://www.flowrestling.org/events/12908045,
2025,NC,NCHSAA,Boys,3A,190,1st,Brock Sullivan,Union Pines,Lucas Sumners,First Flight High School,Fall,,2:20,https://www.flowrestling.org/events/12908045,
2025,NC,NCHSAA,Boys,3A,215,3rd,Avery Rhymer,St. Stephens High School,Dewayne Davis,North Gaston High School,Fall,,1:57,https://www.flowrestling.org/events/12908045,
2025,NC,NCHSAA,Boys,3A,215,1st,Xavier Wilson,Eastern Guilford,Landon Pope,Pisgah High School,Decision,5-4,,https://www.flowrestling.org/events/12908045,
2025,NC,NCHSAA,Boys,3A,285,3rd,Nicholas Rodgers,Fike High School,Donavan Frederick,Seventy-First,Fall,,4:52,https://www.flowrestling.org/events/12908045,
2025,NC,NCHSAA,Boys,3A,285,1st,Trevquan Gary,Person,Everest Ouellette,First Flight High School,Decision,5-2,,https://www.flowrestling.org/events/12908045,
2025,NC,NCHSAA,Boys,4A,106,3rd,Ryder Menard,Lake Norman High School,Adrian Feliciano,William Amos Hough High School,Decision,7-5,,https://www.flowrestling.org/events/12908045,
2025,NC,NCHSAA,Boys,4A,106,1st,Trevelian Hall,Lumberton,Jackson D`Ettore,Charlotte Catholic High School,Tech Fall,15-0,2:26,https://www.flowrestling.org/events/12908045,
2025,NC,NCHSAA,Boys,4A,113,3rd,Jekai Sedgwick,Hoke County,Spencer Sterling,Cardinal Gibbons,Fall,,4:20,https://www.flowrestling.org/events/12908045,
2025,NC,NCHSAA,Boys,4A,113,1st,Dru Kerley,South Iredell High School,Brady Donovan,Hickory Ridge High School,Decision,11-4,,https://www.flowrestling.org/events/12908045,
2025,NC,NCHSAA,Boys,4A,120,3rd,Grant McCord,Grimsley Senior High School,Jacob Dusche,Hickory Ridge High School,Tech Fall,22-4,3:37,https://www.flowrestling.org/events/12908045,
2025,NC,NCHSAA,Boys,4A,120,1st,Jace Barrier,Mooresville High School,Aidan Szewczyk,Davie,Decision,5-1,,https://www.flowrestling.org/events/12908045,
2025,NC,NCHSAA,Boys,4A,126,3rd,Tyler Watt,Wake Forest,Jayvion Johnson,Pine Forest,Tech Fall,22-6,4:14,https://www.flowrestling.org/events/12908045,
2025,NC,NCHSAA,Boys,4A,126,1st,Aiden White,Weddington High School,Cayden Glass,Davie,Decision,13-8,,https://www.flowrestling.org/events/12908045,
2025,NC,NCHSAA,Boys,4A,132,3rd,Tyton Kostoff,William Amos Hough High School,Kaleb Martin,South Caldwell High School,Major Decision,11-0,,https://www.flowrestling.org/events/12908045,
2025,NC,NCHSAA,Boys,4A,132,1st,Liam Hickey,Cardinal Gibbons,Tiaj Thao,Davie,Decision,16-13,,https://www.flowrestling.org/events/12908045,
2025,NC,NCHSAA,Boys,4A,138,3rd,Jaylen Bethea,Hoke County,Connor Reece,Northwest Guilford High School,Major Decision,10-2,,https://www.flowrestling.org/events/12908045,
2025,NC,NCHSAA,Boys,4A,138,1st,Austin Green,Mooresville High School,Jacob McCord,Grimsley Senior High School,Decision,5-2,,https://www.flowrestling.org/events/12908045,
2025,NC,NCHSAA,Boys,4A,144,3rd,Donovan Edwards,Southwest Guilford High School,Aaron Ellison,Lumberton,Tech Fall,15-0,4:24,https://www.flowrestling.org/events/12908045,
2025,NC,NCHSAA,Boys,4A,144,1st,Tobin Mcnair,Wakefield,Samuel Gantt,Pine Forest,Decision,7-0,,https://www.flowrestling.org/events/12908045,
2025,NC,NCHSAA,Boys,4A,150,3rd,Josh Spontak,West Forsyth High School,Jack Gibson,Northwest Guilford High School,Decision,6-5,,https://www.flowrestling.org/events/12908045,
2025,NC,NCHSAA,Boys,4A,150,1st,Jackson Rowling,William Amos Hough High School,Elliott Gould,Davie,Fall,,1:40,https://www.flowrestling.org/events/12908045,
2025,NC,NCHSAA,Boys,4A,157,3rd,Gavin Yow,A.L. Brown High School,Jeremiah Johnson,Cary,Decision,2-1,,https://www.flowrestling.org/events/12908045,
2025,NC,NCHSAA,Boys,4A,157,1st,Santiago Ruiz Diaz,Providence High School,Aidan Gore,Garner,Decision,4-2,,https://www.flowrestling.org/events/12908045,
2025,NC,NCHSAA,Boys,4A,165,3rd,Brieon Mayfield,Jack Britt,Mac Kopelman,Laney,Decision,4-1,,https://www.flowrestling.org/events/12908045,
2025,NC,NCHSAA,Boys,4A,165,1st,Kyser Kostoff,William Amos Hough High School,Krizangel Flores,Porter Ridge High School,Major Decision,8-0,,https://www.flowrestling.org/events/12908045,
2025,NC,NCHSAA,Boys,4A,175,3rd,Jude Moulton,Hoggard,Marquise Kelly,Laney,Decision,7-1,,https://www.flowrestling.org/events/12908045,
2025,NC,NCHSAA,Boys,4A,175,1st,Colton Campbell,Hickory Ridge High School,Brendan Stevens,Corinth-Holders,Fall,,3:07,https://www.flowrestling.org/events/12908045,
2025,NC,NCHSAA,Boys,4A,190,3rd,Luke Shipley,Weddington High School,Lucky Horrell,Hoggard,Fall,,3:18,https://www.flowrestling.org/events/12908045,
2025,NC,NCHSAA,Boys,4A,190,1st,Jack Harty,Northern Guilford High School,James Ellison,Lumberton,Major Decision,12-4,,https://www.flowrestling.org/events/12908045,
2025,NC,NCHSAA,Boys,4A,215,3rd,Kmauri Morgan,Richmond County,Drake Watts,A.L. Brown High School,Tech Fall,19-3,4:46,https://www.flowrestling.org/events/12908045,
2025,NC,NCHSAA,Boys,4A,215,1st,Hayden Haynes,McDowell High School,Sam Harper,South Iredell High School,Decision,9-2,,https://www.flowrestling.org/events/12908045,
2025,NC,NCHSAA,Boys,4A,285,3rd,Dom Basrawala,Charlotte Catholic High School,Anthony Herron,Cleveland,Fall,,1:32,https://www.flowrestling.org/events/12908045,
2025,NC,NCHSAA,Boys,4A,285,1st,Sebastian Rivera,Panther Creek,Damien Couture,Hickory Ridge High School,Fall,,1:08,https://www.flowrestling.org/events/12908045,
