Date,Weight,Round,Winning Wrestler,Winning Team,Result,Win Type,Losing Wrestler,Losing Team,City,State,Event
4/22/2026,120,Champ. Rd of 32,Ramona Reinitz,WASH,2:40,F,Adriana Miller,North Carolina,Las Vegas,NV,2026 U.S. Open Girls HS Showcase Freestyle
4/22/2026,120,Cons. Sub-Rd of 16,Irini Poka,MGW,1:52,F,Adriana Miller,North Carolina,Las Vegas,NV,2026 U.S. Open Girls HS Showcase Freestyle
4/22/2026,125,Champ. Rd of 64,Claire Ballard,"Eastern Carolina Wrestling Academy, NC",,FF,Ryauna Nepomuceno,FLOR,Las Vegas,NV,2026 U.S. Open Girls HS Showcase Freestyle
4/22/2026,125,Champ. Rd of 32,Aleia Apostol,POWR,10-0 (2:25),TF,Claire Ballard,"Eastern Carolina Wrestling Academy, NC",Las Vegas,NV,2026 U.S. Open Girls HS Showcase Freestyle
4/22/2026,125,Cons. Rd of 32,Claire Ballard,"Eastern Carolina Wrestling Academy, NC",1:33,F,Caydence Watters,WCWC,Las Vegas,NV,2026 U.S. Open Girls HS Showcase Freestyle
4/22/2026,125,Cons. Sub-Rd of 16,Finley Evjen,JWA,17-6 (2:48),TF,Claire Ballard,"Eastern Carolina Wrestling Academy, NC",Las Vegas,NV,2026 U.S. Open Girls HS Showcase Freestyle
4/22/2026,135,Champ. Rd of 64,Mia Lavigne,"Eastern Carolina Wrestling Academy, NC",,BYE,,,Las Vegas,NV,2026 U.S. Open Girls HS Showcase Freestyle
4/22/2026,135,Champ. Rd of 32,Taylor Ward,PWC,1:03,F,Mia Lavigne,"Eastern Carolina Wrestling Academy, NC",Las Vegas,NV,2026 U.S. Open Girls HS Showcase Freestyle
4/22/2026,135,Cons. Rd of 32,Mia Lavigne,"Eastern Carolina Wrestling Academy, NC",,BYE,,,Las Vegas,NV,2026 U.S. Open Girls HS Showcase Freestyle
4/22/2026,135,Cons. Sub-Rd of 16,Quinn Butler,SODA,1:05,F,Mia Lavigne,"Eastern Carolina Wrestling Academy, NC",Las Vegas,NV,2026 U.S. Open Girls HS Showcase Freestyle
4/22/2026,155,Champ. Rd of 32,Laila Tellez,North Carolina,,BYE,,,Las Vegas,NV,2026 U.S. Open Girls HS Showcase Freestyle
4/22/2026,155,Champ. Rd of 16,Laila Tellez,North Carolina,10-0 (4:05),TF,Evie Stine,TNTC,Las Vegas,NV,2026 U.S. Open Girls HS Showcase Freestyle
4/22/2026,155,Quarters,Julia Araujo,MWC,0:58,F,Laila Tellez,North Carolina,Las Vegas,NV,2026 U.S. Open Girls HS Showcase Freestyle
4/22/2026,155,Cons. Quarters,Chandni Banks,CALI,2:01,F,Laila Tellez,North Carolina,Las Vegas,NV,2026 U.S. Open Girls HS Showcase Freestyle
