first_name,last_name,event_name,event_year,division,weight,wins,losses,placement,is_all_american,notes
Christopher,Goucher,US Marine Corps National Championships (Fargo),2026,Junior Boys Freestyle,106,1,2,,false,Beat Castillo (CO); lost to Huddleston (IN/champ) and Smith (PA)
Carson,Raper,US Marine Corps National Championships (Fargo),2026,Junior Boys Freestyle,113,5,2,,false,"Beat Schommer (NE), Transfiguracion (WA), Ortiz (TX), Centeno (MN), Haakinson (SD); lost to Yeoman (IA) and Phelan (FL). No placer wins/losses."
Ayden,Sumners,US Marine Corps National Championships (Fargo),2026,Junior Boys Freestyle,132,3,2,,false,3-2 per confirmation.
Aidan,Szewczyk,US Marine Corps National Championships (Fargo),2026,Junior Boys Freestyle,138,0,2,,false,Lost to Sorrow (MI/3rd place) and Cumbee (IL).
Mac,Johnson,US Marine Corps National Championships (Fargo),2026,Junior Boys Freestyle,138,3,2,,false,"Lost R1 to Yarussi (NJ); then won 3 straight in conso (K. Johnson MN, Larson x-round, Larson) before losing to Huff (IL)."
Miller,Menteer,US Marine Corps National Championships (Fargo),2026,Junior Boys Freestyle,138,0,2,,false,Lost to Bowie (IN) and in first conso round.
Charles,Thompson,US Marine Corps National Championships (Fargo),2026,Junior Boys Freestyle,138,2,2,,false,2-2 per confirmation.
Tye,Johnson,US Marine Corps National Championships (Fargo),2026,Junior Boys Freestyle,144,3,2,,false,3-2 per confirmation.
Everon,Riddle,US Marine Corps National Championships (Fargo),2026,Junior Boys Freestyle,144,0,2,,false,Lost to Garcia-Salazar (CO) and Marchese (IL).
Josh,Brezac,US Marine Corps National Championships (Fargo),2026,Junior Boys Freestyle,144,1,2,,false,Beat Winningham (OR); lost to Fenner (PA) and in conso R2. VERIFY conso depth.
Bentley,Sly,US Marine Corps National Championships (Fargo),2026,Junior Boys Freestyle,157,6,2,,false,"6-2. Won 3 on champ side (incl. Gray ME, Torralba MD) before Ingham (WI) beat him; then 3 straight in conso (Stonebraker NC teammate, Richardson IL, Bull UT) before Pickett (MD/7th) Dec 12-5 in bloodround, one win short of AA. Deepest run of any NC Junior."
Noah,Cerino,US Marine Corps National Championships (Fargo),2026,Junior Boys Freestyle,157,0,2,,false,Lost R1; eliminated in first consolation round. 0-2.
Joshua,Stonebraker,US Marine Corps National Championships (Fargo),2026,Junior Boys Freestyle,157,3,2,,false,"3-2 per confirmation."
Hayden,Smith,US Marine Corps National Championships (Fargo),2026,Junior Boys Freestyle,157,0,2,,false,Lost to Valdiviezo (CA) R1; eliminated in first conso round.
Denys,Tsap,US Marine Corps National Championships (Fargo),2026,Junior Boys Freestyle,175,1,2,,false,1-2 per confirmation. Opponent details pending 175 bracket.
Mason,Hollar,US Marine Corps National Championships (Fargo),2026,Junior Boys Freestyle,175,0,2,,false,0-2 per confirmation. Opponent details pending 175 bracket.
Logan,Mumy,US Marine Corps National Championships (Fargo),2026,Junior Boys Freestyle,190,1,2,,false,1-2 per confirmation. Opponent details pending 190 bracket.
Nash,Mullis,US Marine Corps National Championships (Fargo),2026,Junior Boys Freestyle,215,3,2,,false,3-2 per confirmation.
Benjamin,Green,US Marine Corps National Championships (Fargo),2026,Junior Boys Freestyle,215,0,2,,false,Lost to Latorre (PA) R1 and Frass (OH) in conso. Confirm R1.
Christopher,Locklear,US Marine Corps National Championships (Fargo),2026,Junior Boys Freestyle,285,0,2,,false,0-2 per confirmation. Opponent details pending 285 bracket.
Christopher,Goucher,US Marine Corps National Championships (Fargo),2025,Junior Boys Freestyle,100,1,2,,false,Lost R1 to Ortega (IL); won 1 conso match then eliminated. Confirm.
Ryan,Johnson,US Marine Corps National Championships (Fargo),2025,Junior Boys Freestyle,100,1,2,,false,"Beat Lower (IL) R1; lost to Wachter (OH) R2, then eliminated in consolation."
Joseph,Little III,US Marine Corps National Championships (Fargo),2025,Junior Boys Freestyle,113,1,2,,false,Beat Huston (OH) R1; lost to Miles (AZ) then eliminated in consolation.
Mac,Johnson,US Marine Corps National Championships (Fargo),2025,Junior Boys Freestyle,120,0,2,,false,"Lost R1 to Mills (GA, #4 seed/placer) TF 14-4; lost to Brown (KS) in conso. 0-2."
Anirudh,Baddi,US Marine Corps National Championships (Fargo),2025,Junior Boys Freestyle,120,0,2,,false,Lost R1; eliminated in first consolation round. 0-2.
Tye,Johnson,US Marine Corps National Championships (Fargo),2025,Junior Boys Freestyle,126,2,2,,false,2-2. Lost R1 to Brown (IN); beat Martin & Magnas in conso; lost to Spurgeon (IA).
Chris,Braxton,US Marine Corps National Championships (Fargo),2025,Junior Boys Freestyle,126,0,2,,false,0-2. Lost R1 to Katherman (MN); eliminated in first consolation round.
Gabriel,Rogers,US Marine Corps National Championships (Fargo),2025,Junior Boys Freestyle,126,3,2,,false,3-2. Lost R1 to Ruiz (TX); won 3 straight in consolation (incl. Yordy) before elimination.
Tiaj,Thao,US Marine Corps National Championships (Fargo),2025,Junior Boys Freestyle,132,0,2,,false,0-2 per confirmation. Opponent details pending.
Tyler,Watt,US Marine Corps National Championships (Fargo),2025,Junior Boys Freestyle,138,2,2,,false,2-2 per confirmation.
Bryce,Perry,US Marine Corps National Championships (Fargo),2025,Junior Boys Freestyle,138,1,2,,false,1-2 per confirmation.
Dylan,Welch,US Marine Corps National Championships (Fargo),2025,Junior Boys Freestyle,138,0,2,,false,0-2 per confirmation.
Jaylen,Bethea,US Marine Corps National Championships (Fargo),2025,Junior Boys Freestyle,144,1,2,,false,1-2 per confirmation.
Michael,Fischer,US Marine Corps National Championships (Fargo),2025,Junior Boys Freestyle,144,0,2,,false,0-2 per confirmation.
Jackson,Rowling,US Marine Corps National Championships (Fargo),2025,Junior Boys Freestyle,150,3,2,,false,3-2 per confirmation.
Bentley,Sly,US Marine Corps National Championships (Fargo),2025,Junior Boys Freestyle,150,4,2,,false,"4-2. Lost R1 to Acuna (MT); won 4 straight conso (Fitzgerald TX, Cosby MI, McMullen PA, Hobson IL) before losing to Turi (PA) in cons R16."
Joshua,Stonebraker,US Marine Corps National Championships (Fargo),2025,Junior Boys Freestyle,150,1,2,,false,1-2 per confirmation.
John,Schulz,US Marine Corps National Championships (Fargo),2025,Junior Boys Freestyle,150,0,2,,false,0-2 per confirmation.
Chase,Hernandez,US Marine Corps National Championships (Fargo),2025,Junior Boys Freestyle,157,0,2,,false,0-2 per confirmation.
Braden,Reynolds,US Marine Corps National Championships (Fargo),2025,Junior Boys Freestyle,157,0,2,,false,0-2 per confirmation.
Troy,Shannon,US Marine Corps National Championships (Fargo),2025,Junior Boys Freestyle,157,3,2,,false,3-2 per confirmation.
Jeremiah,Johnson,US Marine Corps National Championships (Fargo),2025,Junior Boys Freestyle,165,1,2,,false,1-2 per confirmation.
Andrew,Meadows,US Marine Corps National Championships (Fargo),2025,Junior Boys Freestyle,165,1,2,,false,1-2 per confirmation.
Noah,Michael,US Marine Corps National Championships (Fargo),2025,Junior Boys Freestyle,175,1,2,,false,1-2 per confirmation.
Dominic,Blue,US Marine Corps National Championships (Fargo),2025,Junior Boys Freestyle,175,2,2,,false,2-2 per confirmation.
Jack,Harty,US Marine Corps National Championships (Fargo),2025,Junior Boys Freestyle,175,2,2,,false,2-2 per confirmation.
Troy,Deniz,US Marine Corps National Championships (Fargo),2025,Junior Boys Freestyle,190,1,2,,false,1-2 per confirmation.
Dominic,Hittepole,US Marine Corps National Championships (Fargo),2025,Junior Boys Freestyle,190,0,2,,false,0-2 per confirmation.
Jojo,Trahan,US Marine Corps National Championships (Fargo),2025,Junior Boys Freestyle,285,0,2,,false,0-2 per confirmation.
Damien,Couture,US Marine Corps National Championships (Fargo),2025,Junior Boys Freestyle,285,2,2,,false,2-2 per confirmation.
