verdict,state,gender,keep_id,keep_name,merge_id,merge_name,reason
merge,SC,Male,510260a0-00f8-4b9b-84fa-68bf1aeda03b,Eli Pressley,d9d34f4c-2515-4f30-9e4a-f43fdcd957fa,Elijah Pressley,the name matcher reads them as one person; same school (summerville)
merge,RI,Male,313fe922-f9cc-4e39-b806-f7e5dbfd16f2,Caden Jarret,b1dda9d6-f200-4113-98d2-e328fc5b7ae5,Caden Jarrett,"""jarret"" is ""jarrett"" truncated; same school (ponaganset)"
merge,MD,Male,d2208bd1-c938-4cec-8d17-47fc80fa8407,Kaosisochu Ukiwe,87f20cdd-b715-434e-8e03-a1d7a6d18001,Kaosisochukwu Ukiwe,"""kaosisochu"" is ""kaosisochukwu"" truncated; same school (maurice j. mcdonough)"
merge,WA,Male,4d6ab6c4-c923-4263-a412-f3e08c404746,Benito Escalera-Zamudio,65031fb4-3ba4-4dc3-ac2d-c7e78660c684,Benito Escalera,"""escalera"" is ""escalera-zamudio"" truncated; weight 126 and 120 in 2026 and 2025"
merge,ME,Female,5de25837-6898-4189-bf2a-01bf940ecb60,Martina Gili Fernan,30b120c6-be9c-4611-876d-23fdbddd4fe1,Martina Gili Fernandez,"""fernan"" is ""fernandez"" truncated; weight 120 and 145 in 2026 and 2025"
merge,OH,Female,2ab49aee-c281-4da7-a8a4-0d1467e1313a,Vivi Legato,5a384eae-b812-4c06-a181-1ec390b6265b,Vivienne Legato,"""vivi"" is ""vivienne"" truncated; same school (archbold)"
merge,OK,Female,9d442f8e-b404-46b5-92b0-0698d1e4ed2d,Angelia (aj) Waren,0be9838b-2378-4de2-9dee-cfbd8e3968b8,Angelia Waren,"""(aj)"" is a middle name or nickname; weight 115 and 120 in 2025 and 2026"
merge,GA,Male,5463ec5f-07da-4bba-9787-1f23cb9cf96a,Joseph Austin,b5e0132f-da16-4659-b66f-3127f0dc4576,Joe Austin,the name matcher reads them as one person; same school (lakeside hs (dekalb))
merge,SC,Female,87a765c3-c691-4627-9441-8d26189b87e9,Arielle Daniels,c20f325b-6054-4d54-ade6-e66be1cf9eb9,Ariel Daniels,"""ariel"" is ""arielle"" truncated; same school (south florence)"
merge,UT,Female,8caaf9e9-dd0f-430a-ba09-5e6716326b08,Amber emily Murray,bb829b1f-bf5e-4084-8061-4c4b5bfc0018,Amber Murray,"""emily"" is a middle name or nickname; same school (box elder)"
merge,ME,Male,d6406032-c5f3-4aa5-94ce-f50601360ac8,Damianos Skinsacos,aa07a80d-b471-44a5-9b94-e94298d8b878,Damian Skinsacos,"""damian"" is ""damianos"" truncated; same school (cheverus/falmouth)"
merge,UT,Female,bb368811-0c1d-4f2d-9020-54aa8c8d8b06,Jennifer Brumbaugh,1cefe073-2012-4f23-afc1-1faa1be528d1,Jen Brumbaugh,the name matcher reads them as one person; same school (davis)
merge,WV,Female,1f4f7142-8df3-4f11-b486-17f12d71c607,Zoe Wolford,01920f88-8dbf-4742-af53-be25389384e0,Zoey Wolford,the name matcher reads them as one person; same school (morgantown)
merge,WA,Female,0fde1770-828f-4da8-b162-0ea92a4fc2bb,Bobbyjo Dick,cd5cf1e4-d512-4088-9e48-ae2e86a967f7,Bobby Jo Dick,the name matcher reads them as one person; same school (omak (girls))
merge,WV,Female,9df6be4e-3563-49e9-b489-e7dfeb3afc31,Kailynn Penkov,0565c142-4565-4644-a1b4-23d9795de104,Kailyn Penkov,"""kailyn"" is ""kailynn"" truncated; same school (moorefield)"
merge,OH,Male,06da8378-fa5c-41bd-99d5-0eacc61a9152,Dom Prosperi,23211c23-608c-4ae0-a8ae-49898ea6f520,Dominic Prosperi,the name matcher reads them as one person; same school (canton south)
merge,MN,Female,6032133d-9c88-41aa-b81c-ff20189fd61c,Ellesandra Eickhoff,852706cb-39bf-43fe-bac9-a39648ee8bc5,Elle Eickhoff,"""elle"" is ""ellesandra"" truncated; same school (chatfield)"
merge,SC,Male,1102767b-43f1-4daa-8fce-eb58166ee645,William Jenkins,c53916d2-fc60-44e6-a8c6-208bbd2af0a5,Will Jenkins,"""will"" is ""william"" truncated; weight 150 and 157 in 2025 and 2026"
merge,SC,Male,3cb6822f-fbaa-4b47-8a5d-e24874d3007c,"Bryan Davis,",b0760e41-7c47-44c9-917d-5b80817f10cb,Bryan Davis Jr.,the name matcher reads them as one person; weight 126 and 132 in 2025 and 2026
merge,HI,Female,aa052c58-da43-4748-b991-5d2a32f2f493,Stacallen Mahoe,a13bf6b7-fe02-4be3-b525-e15a5a2b4e27,STACALLE MAHOE,"""stacalle"" is ""stacallen"" truncated; same school (nanakuli)"
merge,FL,Female,a305effd-e94f-4617-95ea-dd8e8a07ff92,Allison Blanco-Cruz,04903bfb-5e74-46e5-b765-b14c56cede69,Alli Blanco-Cruz,"""alli"" is ""allison"" truncated; same school (olympic heights)"
merge,HI,Female,6626b29e-5b43-4e2a-ac6c-5a97277082d7,Zoe-Shalom Ahue Bolosan,d93c40e2-dd99-4692-9c97-000f831236b0,Zoe-Shal Ahue Bolosan,"""zoe-shal"" is ""zoe-shalom"" truncated; same school (leilehua)"
merge,HI,Female,2ac154cd-f402-4092-9da9-c6b2bcb2f140,Shaniah-Lee Ferreira,dde7598a-7e87-46fb-a4fb-902732d1d307,Shaniah- Ferreira,"""shaniah-"" is ""shaniah-lee"" truncated; same school (waiakea)"
merge,MO,Female,7cf2388a-42fa-428f-b3a5-0b93631b130e,Kirra Dunscomb,13d097da-8ca3-4fe0-b3bd-e76b763d0765,Kirra Dunscombe,"""dunscomb"" is ""dunscombe"" truncated; same school (eureka)"
merge,IA,Female,25b27c0d-a126-400a-88db-2ea8678f0507,Ana Simon,44bf0d33-8987-4601-89f4-e8cc224d737d,Anastasia Simon,the name matcher reads them as one person; same school (decorah)
merge,CO,Male,be6b424a-bf76-4f21-87b5-3a217c4c5103,Michael Lopez,c2129324-27e3-4be3-bf6c-71bb96f6be28,Michael Lopez Jr.,the name matcher reads them as one person; same school (ponderosa)
merge,VA,Male,9016dfef-3702-4b1c-90ec-e547e5670988,Kenneth Madison,db7fc4d8-cfe9-4cf7-831f-0a0e25e706c9,Kenneth Madison Jr.,the name matcher reads them as one person; same school (rappahannock)
merge,WV,Male,4812182e-0fe1-471d-91c2-2218aea078b4,Wesley Files,f1ba2e66-dcfb-4dc2-849f-84732f1eab4c,Wes Files,the name matcher reads them as one person; same school (frankfort)
merge,MD,Male,644cbbb6-b9b5-454f-8b50-d706a42e4a1c,Michael Groszkowski,132a0e01-2162-489f-bd1f-a027fa2e8fe9,Mike Groszkowski,the name matcher reads them as one person; same school (annapolis)
merge,FL,Male,ac6d45b6-0e40-456a-8ecd-cc62f466c147,Ericson Coney,cb010546-7393-48f0-9013-cbceb479c787,Ericson EJ Coney,"""ej"" is a middle name or nickname; weight 144 and 138 in 2026 and 2025"
merge,FL,Male,95d9577f-cf75-4103-8828-82f607c82e68,James Garrett,0d14da8b-0798-4772-b2d1-8630abb5ee7d,James Shaw Garrett,"""shaw"" is a middle name or nickname; weight 175 and 175 in 2026 and 2025"
merge,NE,Male,39bd8a85-f083-4472-ae92-c3ea9cea0463,Ben Ziola,6557de4b-3959-43aa-8ea4-7e8a90eb3f7d,Benjamin Ziola,the name matcher reads them as one person; same school (omaha skutt catholic)
merge,KS,Male,4c02134a-c7dc-49a0-b159-4dffae3d2b0a,Noah Vela,56db1517-8266-4532-a0d4-4d2ccc195fd9,Noah (Med. For) Vela,the name matcher reads them as one person; weight 106 and 106 in 2026 and 2025
merge,IL,Male,871ba243-e5fa-4138-b0e9-27473279819b,Sammy Murante,b1c68e33-f60b-4c04-b179-b23c4c293011,Sam Murante,the name matcher reads them as one person; same school (elmhurst (ic catholic))
merge,IN,Male,f6afcb11-4fd1-41ca-b529-975c876951e1,Samuel Mosier,10058dd9-f347-4617-a5a2-d34dbe6c7428,Sam Mosier,the name matcher reads them as one person; same school (delta)
merge,IN,Male,5638c061-f1c5-400e-92df-f467857eb7fc,Thomas Gibbs,b808e7b3-77ba-4e7c-bddb-b43c4b3e22e5,Tommy Gibbs,the name matcher reads them as one person; same school (brownsburg)
merge,WI,Male,626c6ed7-c818-43c0-9a4d-dfb998d7bf59,Andrew DiPiazza,7ecaa709-7a27-4ed6-8538-7dcf4e802ea7,Andy DiPiazza,the name matcher reads them as one person; weight 120 and 120 in 2026 and 2025
merge,WI,Male,851aca50-4cf4-499e-a8a7-85599f2525a3,Cashtyn Botting,f6afa5d2-e1b4-497e-8e44-09d934ca70b3,Cash Botting,"""cash"" is ""cashtyn"" truncated; weight 138 and 132 in 2026 and 2025"
merge,PA,Male,773e7022-0a9f-4d55-9da3-1714efe86de9,Will Detar,e3c74848-c4ea-46d3-bf38-9710bfe03e10,William Detar,"""will"" is ""william"" truncated; weight 133 and 121 in 2026 and 2025"
merge,NY,Male,d0455d9e-d042-42d3-afa0-1f5ebb4bf5cc,Zachary Kuelling,cf03996d-aea3-4bcc-b134-9fde68b6f7a5,Zach Kuelling,"""zach"" is ""zachary"" truncated; same school (williamson/marion/sodus)"
merge,TX,Male,0a8d820c-428d-4a07-8ec6-8709cb8a677e,Nathan Burchfiel,f4e9f157-6897-48a6-a734-1ebbcb17d99e,Nathaniel Burchfiel,"""nathan"" is ""nathaniel"" truncated; same school (rockwall heath)"
merge,VA,Male,60e94863-eb5f-493f-94c0-9fa0daf87964,Christopher Funches,25cee0ac-47de-419b-ba15-5e4481d7867e,Chris Funches,"""chris"" is ""christopher"" truncated; same school (grassfield)"
merge,PA,Male,c7a6eb2d-bc35-4a2e-886c-3bb08b036a6a,Samuel Wolford,7407ab5f-f141-4a5c-a3ee-70596003bc8e,Sam Wolford,the name matcher reads them as one person; same school (northern lebanon)
merge,RI,Male,fc1a2f0a-08dd-464d-a4de-21a856768f67,Benjamin Johnson-McMahon,c6abd832-2cce-4dae-b044-770866bfa7aa,Ben Johnson-Mcmahon,the name matcher reads them as one person; same school (smithfield)
merge,NE,Female,15881e2c-6ebf-494c-98ac-a2abbc5e8c08,Fabiola Cortez,cc781091-0d78-4a78-847a-e85b106062b0,Fabi Cortez,"""fabi"" is ""fabiola"" truncated; same school (grand island)"
merge,MI,Male,4283bab9-9023-4efd-96d6-440c37d85c7c,Bradley Meyers,75791a31-ef99-4f2a-8581-512d293f656a,Brad Meyers,"""brad"" is ""bradley"" truncated; same school (portland)"
merge,NM,Male,a110df0d-f90c-414b-99c4-c1a5fca8cf94,Isaia Blea,b51c6e0e-6750-41fb-b2c6-b70f54913dbd,Isaiah Blea,"""isaia"" is ""isaiah"" truncated; same school (piedra vista)"
merge,MN,Male,119a577d-bab0-49b0-975c-6f6853a5a0b2,Nick Becker,da323755-6e3c-4769-882f-0ce34b8c5c05,Nicholas Becker,the name matcher reads them as one person; same school (eden valley-watkins)
merge,MN,Male,e8f2d29a-a834-4743-8866-15d70c094e6c,Ben Gunlogson,d9643811-69ab-4b8c-bfd4-75d18113feb4,Benjamin Gunlogson,the name matcher reads them as one person; weight 139 and 145 in 2025 and 2026
merge,MO,Male,ef72247a-cc39-4acf-9347-e9b5977cbf96,Charlie Robinson,4c7478a9-1c03-4f09-a248-f236816af0aa,Charles Robinson,the name matcher reads them as one person; same school (centralia)
merge,SC,Male,d9191e70-d182-4dd6-a13f-a976277afb33,Timothy Simmons,520d284d-2ffd-444d-bf06-deb72433fc5e,Tim Simmons,the name matcher reads them as one person; weight 113 and 120 in 2025 and 2026
merge,NH,Male,9d7f0296-84b5-4926-9cdf-e8584dafcbe1,Andrew Craig,0dc12a4b-0804-4ff7-8d3c-a513befafed2,Andrew “AJ” Craig,"""“aj”"" is a middle name or nickname; same school (portsmouth)"
merge,ND,Male,2000ee53-bbf8-4672-9473-81924399dee3,Nic Garber,b13611ee-2335-431e-9062-52d3b7d470a2,Nicholas Garber,the name matcher reads them as one person; same school (carrington)
merge,ND,Male,744ec3fc-04a3-497a-aa89-2d59173ad061,Joshua Ternes,2bdba19d-674b-43a3-bae8-296c75cd4bb6,Josh Ternes,"""josh"" is ""joshua"" truncated; same school (beulah-hazen)"
merge,NE,Male,67bc27e3-6c91-45b5-b3b2-d3fc4ea8b46f,Uriel Guzman,b2563093-3b25-4cbb-87f8-d1b5f7aaa7e8,Uriel `Cookie` Guzman,"""`cookie`"" is a middle name or nickname; same school (palmer)"
merge,RI,Male,9a564452-c4b5-4efa-959c-bb8284daf9a3,Kazmeier Morosetti,dbbcc896-5a3e-4d2b-8281-b947c5f05b8f,Kaz Morosetti,the name matcher reads them as one person; same school (north kingstown)
merge,NY,Male,c2fb3761-ba2f-445e-a08d-ca1597fa2e02,Chris Noto,e96658a9-686a-4310-b707-936391a04f0f,Christopher Noto,"""chris"" is ""christopher"" truncated; same school (honeoye falls-lima)"
merge,OH,Male,0ab63619-f986-41f1-b9e6-7c5b12c48500,Gael Ramirez,e6de71d0-de6a-4289-a0a9-dc13322e8351,Gael Guy-L Ramirez,"""guy-l"" is a middle name or nickname; weight 132 and 138 in 2025 and 2026"
merge,OH,Male,640df624-60ef-436e-bab9-79fb60cdaccd,Gabe Miller,a67f98b7-53b7-4025-a52c-0aaa476cc08e,Gabriel Miller,the name matcher reads them as one person; same school (canfield)
merge,OR,Male,dee7808b-b3b0-45e7-bba9-cab230348732,Elijah Borrayo,5c32bc18-54cc-4af6-8f83-c429511c4025,Eli Borrayo,the name matcher reads them as one person; weight 120 and 120 in 2025 and 2026
merge,RI,Male,11918d85-a63d-4d7f-ba60-763bcd93e671,Charles Ford,aa4e14ce-b098-404c-8b0e-7dd297eb70ab,Charlie Ford,the name matcher reads them as one person; same school (north providence)
merge,WA,Male,88ba0503-64ca-427d-9f1c-f0c7a41107d5,Theodore Stearns,55f6e51f-7702-4ec2-bdb7-cd689254b215,Theo Stearns,"""theo"" is ""theodore"" truncated; same school (north kitsap)"
merge,UT,Male,837f3c2a-41ad-4548-a3ad-35ad89e63ed1,Joseph Holbrook,851b8e5f-5458-4056-987f-9ae26bf9012f,Joe Holbrook,the name matcher reads them as one person; same school (ridgeline)
merge,UT,Male,47de8728-04ed-4053-8d23-1d50a1f2aef5,Matthew Whitaker,5ad6035f-1663-4dcf-8f7c-3e0deec9e15b,Matt Whitaker,"""matt"" is ""matthew"" truncated; same school (millard)"
merge,UT,Male,58825478-9890-4a12-99bc-c263712a3e3f,Leo Deleon,168d5940-b7b6-4007-a9a5-5bc785ca889e,Leonardo DeLeon,the name matcher reads them as one person; same school (beaver)
merge,VA,Male,9875cb0c-a6a0-457d-8e3a-c5c58efbfe66,Karl Ludwig ii,d5cc2108-a05c-4b54-af04-44b973628f3b,Karl Ludwig,the name matcher reads them as one person; same school (frank cox)
merge,VA,Male,0243097e-aa4d-4165-a33c-3200e523fdcb,Salvador Cardenas,91467163-39f6-4106-b265-bb04f31555f3,Sal Cardenas,the name matcher reads them as one person; same school (mathews)
merge,VT,Male,96bdb719-007e-433a-9e25-d79bb94a9e8e,Joe Gershon,7f197970-065c-4fa6-846d-6244abc74204,Joseph Gershon,the name matcher reads them as one person; same school (essex)
merge,CO,Male,f47d4337-ae2d-4ef2-9344-e0a4f298c853,David A. Burchett,54eb8b85-b21a-4d82-ae63-fab32fcdead2,David Burchett,"""a."" is a middle name or nickname; weight 144 and 165 in 2026 and 2025"
merge,CO,Male,78db7b6b-20d7-4887-a854-6432d6bb9a5a,David Burchett Jr.,54eb8b85-b21a-4d82-ae63-fab32fcdead2,David Burchett,the name matcher reads them as one person; weight 157 and 165 in 2026 and 2025
merge,CO,Male,ae8a862c-9279-4051-a258-cf85efc47058,Anthony Meder,b3dfd2b1-0069-4c52-9623-0c6c5c6db025,Anthony Eugene Meder,"""eugene"" is a middle name or nickname; same school (alamosa)"
merge,HI,Female,60ce5017-3ffd-4152-9fca-951f3cc1cca8,Jacqueline Furuta,46df402b-9b60-41a6-a302-bc46b3ddc18f,Jacqueli Furuta,"""jacqueli"" is ""jacqueline"" truncated; same school (iolani)"
merge,AK,Male,877b651f-1c09-4f36-83d4-1ab126c13826,Gusty Tunguing IV,25347872-a4c0-451c-ab1f-6e96202e7e2c,Gusty Tunguing,the name matcher reads them as one person; weight 119 and 125 in 2025 and 2026
merge,AK,Male,fafd948d-05c0-46b8-8341-b659e88f6b66,Ben Milton,46e776f0-170c-489b-8aa1-51524f64a204,Benjamin Milton,the name matcher reads them as one person; weight 140 and 152 in 2025 and 2026
merge,HI,Female,cdb089dd-df80-4392-bb10-b89e91fc84c3,Hiilei Tuikolongahau,114e66c4-668e-45b7-820c-264bb992cc44,Hiilei Tuikolongaha,"""tuikolongaha"" is ""tuikolongahau"" truncated; same school (kamehameha - kapalama)"
merge,HI,Female,6a70ea38-0c80-4c84-9cbd-4a21e4c07ad7,Janessa Fischer-Carter,e83ea67b-f4ad-4e44-ad07-bfde67a6d0db,Janessa Fischer-Cart,"""fischer-cart"" is ""fischer-carter"" truncated; same school (aiea)"
merge,FL,Male,c72d856b-998a-4473-a4f8-99ece4898c7f,Timothy Boda,183ef852-0e92-430c-9933-5d3232ddb717,Timmy Boda,the name matcher reads them as one person; same school (merritt island)
merge,KY,Male,9eef5012-0b09-46ea-9650-46e9a4a6d59b,Jacob Ramsey,935233fe-8d58-4c18-9abd-2b88138ea6bd,Jake Ramsey,the name matcher reads them as one person; same school (union county)
merge,CO,Male,99495742-51e1-42e6-b8e3-140c118aa82b,Estevan Loya,b4a0e76f-9d5e-44df-b327-b79a74e1b58b,Estevan Loya jr,the name matcher reads them as one person; same school (mullen)
merge,AR,Male,5eba1dd5-6e9e-43df-8b03-26879b7f8082,William Palmer,9dcc1b67-36ee-4254-a7ea-cf85950e1180,Will Palmer,"""will"" is ""william"" truncated; weight 132 and 144 in 2025 and 2026"
merge,IL,Male,364e7fab-d501-4f43-bc35-3939df4251bf,Daniel Jackson,8c754418-1d71-4c22-b940-2438f14c2296,Danny Jackson,the name matcher reads them as one person; same school (red bud)
merge,CA,Male,919d3bec-a11b-46ed-81d4-61129f035ced,Zack Samano,abea85fd-d2ed-4186-9f79-fe45bd3ae26a,Zachary Samano,the name matcher reads them as one person; same school (chino (ss))
merge,CA,Male,944348b6-4e94-4f40-958e-a0761b5258b2,Christopher Arreola,19f3f5dc-a0f3-4241-b4dd-9a4880403ed2,Chris Arreola,"""chris"" is ""christopher"" truncated; weight 132 and 144 in 2025 and 2026"
merge,CA,Male,0bc697b8-2279-467d-9fa7-19fa3fe419fc,Gregory Torosian,a86149b4-3c03-4b4a-9402-f150a423fde5,Greg Torosian,"""greg"" is ""gregory"" truncated; same school (birmingham (la))"
merge,FL,Male,8ece0b44-ddf8-4e36-b5ab-501a0ec2e9df,Vlad Drown,86d02c55-a38a-4ae8-a4e9-0d7635fa0959,Vladmimir Drown,"""vlad"" is ""vladmimir"" truncated; same school (rockledge)"
merge,ME,Female,435edc4d-628a-480a-99f4-98ed93db8615,Alanna Smith,4ee8525e-edf3-4105-bfdb-759b9243a280,Alannah Smith,"""alanna"" is ""alannah"" truncated; same school (camden hills)"
hold,OR,Male,5244cf40-21cd-41e9-a710-13cae863a2a4,Kai Zimmerman,6edba31f-c23c-4e11-8564-96d6c736255c,Kainen Zimmerman,both placed in 2026 at different weights
hold,IA,Male,cc1fb964-be3c-44bb-98cf-534745aa2e4b,Ben Walsh,24bc279d-d804-4278-8e95-d619324a2520,Benjamin Walsh,both placed in 2026 at different weights
hold,MI,Male,78a7ad6b-c0b1-43de-a624-b16cb183d9ff,Zachary Taylor,5b2a6109-6a36-4189-9db8-b5831addedf1,Zach Taylor,"nothing corroborates it — no shared school, weight or season"
hold,NC,Female,76d01745-61b9-46e4-a45e-b69bc64be5c9,Claire Ball,29becef8-620d-430c-adc1-8cc528b77d86,Claire Ballard,different class years (2028 vs 2027)
hold,CO,Male,f47d4337-ae2d-4ef2-9344-e0a4f298c853,David A. Burchett,78db7b6b-20d7-4887-a854-6432d6bb9a5a,David Burchett Jr.,both placed in 2026 at different weights
