nc_wrestler,beat,opponent_state,classification,weight,place,event_year,event
Aaron Ellison,Timmy Boda,FL,1A,138,1,2025,2025 NHSCA High School Nationals
Aidan Gore,Braylan Cosper,TN,A,150,1,2026,2026 NHSCA National Duals
Aiden Burkholder,Eli Archibeque,NM,5A,107,1,2025,2025 NHSCA High School Nationals
Aiden White,Coreu Powe,AL,6A,126,1,2026,2026 NHSCA High School Nationals
Aiden White,AJ DeLaCruz,SC,3A,132,1,2025,2025 Ultimate Club Duals
Alex Rodriguez,Max Francisco,AK,Division I,119,1,2023,2023 Fargo 16U Greco-Roman
Andrew Davis,Bryan Latta,VA,2A,144,1,2026,2026 NHSCA High School Nationals
Andrew Meadows,Brodie Melzoni,TN,AA,165,1,2025,2025 NHSCA High School Nationals
Andrew Meadows,Dane Kracht,GA,1A,157,1,2025,2025 NHSCA High School Nationals
Ayden Sumners,Charles Ford,RI,Boys,120,1,2026,2026 NHSCA National Duals
Ayden Sumners,Scott Cascio,LA,Division 1,120,1,2026,2026 NHSCA High School Nationals
Ayden Sumners,Darion Johnson,OR,6A Boys,113,1,2025,2025 Super 32
Bentley Sly,Anthony Lucchiani,VA,4A,138,1,2024,2024 Super 32
Bentley Sly,Braylan Cosper,TN,A,150,1,2025,2025 NHSCA High School Nationals
Bentley Sly,Noah Bull,UT,6A,150,1,2026,2026 NHSCA High School Nationals
Bentley Sly,Brady Hand,VA,3A,144,1,2025,2025 Super 32
Bentley Sly,Mason Petersen,NE,A,150,1,2025,2025 Super 32
Bentley Sly,Noah Bull,UT,6A,150,1,2026,2026 Fargo Junior Freestyle
Bentley Sly,Blake Cosby,MI,Division 3,150,1,2025,2025 Fargo Junior Freestyle
Bentley Sly,Jveion Redmon,GA,4A,150,1,2023,2023 Super 32
Bentley Sly,Valentine Popadiuc,NM,4A,152,1,2023,2023 Super 32
Brady Donovan,Kole Younger,ID,4A,106,1,2024,2024 Super 32
Brieon Mayfield,Colby Vital,RI,Boys,150,1,2026,2026 NHSCA National Duals
Brock Sullivan,Aidan Armbrust,VA,3A,190,1,2024,2024 Super 32
Brock Sullivan,Rudy Wagner,VA,5A,190,1,2024,2024 Super 32
Cael Dunn,Rudy Wagner,VA,5A,190,1,2025,Journeymen Fall Classic
Cael Dunn,Ronan An,GA,6A,215,1,2025,2025 Super 32
Campbell Tufts,Michael King,MT,B/C,190,1,2026,2026 NC Freestyle & Greco State Championships - Junior Boys Freestyle
Campbell Tufts,Cruz Hezel,GA,3A,138,1,2025,2025 Fargo 16U Freestyle
Carson Owens,Jack Procter,GA,3A,120,1,2025,2025 NHSCA High School Nationals
Carson Raper,Kaden Haakinson,SD,Class A,106,1,2026,2026 Fargo Junior Freestyle
Carson Worrick,Sy Strobel,SC,3A,150,1,2026,2026 NHSCA High School Nationals
Colt Campbell,Taye Wilson,KS,4A,175,1,2025,2025 NHSCA High School Nationals
Colt Campbell,Caleb Neal,VA,5A,175,1,2025,2025 NHSCA High School Nationals
Cooper Foster,Jayden Grijalva,KS,5A,113,1,2025,2025 NHSCA High School Nationals
Cooper Foster,Braydon Pacheco,KS,6A,113,1,2025,2025 NHSCA High School Nationals
Cooper Foster,Kiyan Simon,AL,7A,120,1,2023,2023 Super 32
Cooper Foster,Darin Witcher,VA,3A,120,1,2023,2023 Super 32
Cooper Foster,Kiyan Simon,AL,7A,120,1,2023,2023 NHSCA High School Nationals
Cooper Foster,Pepper Martin,WV,AAA,113,1,2024,2024 NHSCA High School Nationals
Cooper Mathon,Blake Smith,IL,1A,157,1,2026,NC Super 32 Early Entry
Cooper Mathon,Jonderious Williams,GA,3A,126,1,2026,2026 NHSCA High School Nationals
Cory Thomas,Ishmael Guerrero,OK,Boys 6A,157,1,2023,2023 Fargo Junior Freestyle
Damien Couture,Anthony Nava,WA,Boys 2A,285,1,2024,2024 Super 32
Damien Couture,Samuel Stockton,CO,3A,285,1,2025,2025 Fargo Junior Freestyle
Denzel Benton,Parker Van Noy,AL,5A,106,1,2025,2025 NHSCA High School Nationals
Devin Cotton,Tucker Wright,VT,High School,175,1,2024,2024 NHSCA High School Nationals
Dominic Blue,Karl Ludwig II,VA,5A,150,1,2026,2026 NHSCA High School Nationals
Dominic Blue,Kristian Scott,LA,Division 1,157,1,2026,2026 NHSCA High School Nationals
Dominic Blue,Keegan Rager,WY,4A,165,1,2026,2026 NHSCA High School Nationals
Dominic Blue,Connor Bonney,FL,3A,175,1,2025,2025 Fargo Junior Greco-Roman
Dominic Blue,Jesse Adams,WV,A-AA,190,1,2023,2023 NHSCA High School Nationals
Dominic Blue,Ian Ray,VA,2A,157,1,2024,2024 NHSCA High School Nationals
Donovan Edwards,Jimmie Bailes,WV,AAA,150,1,2024,2024 Super 32
Donovan Edwards,Michael Fritz,WA,Boys 2A,144,1,2024,2024 Super 32
Donovan Edwards,Aaron Callirgos,AZ,D1,132,1,2025,2025 NHSCA High School Nationals
Donovan Edwards,Brayden Woods,AK,Division II,160,1,2024,2024 NHSCA High School Nationals
Drew Davis,Ty Murray,GA,4A,126,1,2023,2023 Super 32
Drew Davis,Trevor Anderson,WA,Boys 2A,120,1,2023,2023 Super 32
Drew Teeter,Drew Adams,AL,5A,165,1,2025,2025 Fargo 16U Greco-Roman
Eli Horton,Hunter Berger,HI,Open,132,1,2024,2024 Super 32
Eli Horton,Anthony Mutarelli,PA,AAA,133,1,2024,2024 Super 32
Eli Horton,Sammy Stewart,MI,Division 4,120,1,2023,2023 Super 32
Eli Horton,Carter Shin,VA,6A,113,1,2023,2023 NHSCA High School Nationals
Elijah Dorsey,Hunter Elliott,VA,5A,120,1,2024,2024 NHSCA High School Nationals
Ethan Powell,Eli Sanders,AL,7A,113,1,2025,2025 Fargo Junior Freestyle
Ethan Powell,Kyan Patton,AR,Class 6A,113,1,2023,2023 Fargo 16U Freestyle
Everest Ouellette,Tanner Craft,MI,Division 4,285,1,2025,2025 NHSCA High School Nationals
Everest Ouellette,Elias Timms,CO,4A,285,1,2025,2025 NHSCA High School Nationals
Gabe Rogers,Anthony Delgado,NV,5A,132,1,2025,2025 Super 32
Gabe Rogers,Lance Bordeleau,NH,NHIAA,132,1,2025,2025 Super 32
Gabriel Rogers,Carson Petry,MN,A,127,1,2025,2025 Fargo Junior Freestyle
Hayden Haynes,Harry Maltese,VA,6A,215,1,2024,2024 Super 32
Hayden Haynes,Patrick Donahue,DE,Open,215,1,2024,2024 NHSCA High School Nationals
Hayden Haynes,Damian Soto,FL,1A,190,1,2024,2024 NHSCA High School Nationals
Ian Fritz,Michael Boulanger,MA,All-State,157,1,2025,2025 NHSCA High School Nationals
Ian Fritz,Nicholas Zamora,TX,6A,157,1,2025,2025 NHSCA High School Nationals
Ian Fritz,Eric Hodge,FL,2A,157,1,2024,2024 Super 32
Ian Fritz,Quentin Harding,WA,Boys 2A,157,1,2023,2023 NHSCA High School Nationals
Ian Fritz,Eric Hodge,FL,2A,157,1,2024,2024 NHSCA High School Nationals
Ian Fritz,Joseph Sanderfer Jr,OH,Division I,144,1,2024,2024 NHSCA High School Nationals
Jack Harty,Damien Wicker,AR,Class 4A,165,1,2024,2024 Fargo 16U Freestyle
Jack Harty,Ethan Secoy,GA,2A,175,1,2024,2024 Fargo 16U Freestyle
Jack Kancler,Lincoln Kelley,VA,4A,132,1,2026,2026 NHSCA High School Nationals
Jackson Rowling,Damon Ingram,KS,4A,150,1,2024,2024 Super 32
Jackson Rowling,Dustin Elliott,DE,Open,157,1,2025,2025 NHSCA High School Nationals
Jackson Rowling,Dominick Spadaro,CT,Open,150,1,2025,2025 NHSCA High School Nationals
Jackson Rowling,Brodie Altman,VA,5A,138,1,2023,2023 Super 32
Jackson Rowling,Tyler Roark,WV,AAA,144,1,2023,2023 Super 32
Jackson Rowling,Ethan VanNostrand,VA,5A,132,1,2023,2023 NHSCA High School Nationals
Jackson Rowling,Brayden Forman,LA,Division 1,150,1,2024,2024 NHSCA High School Nationals
Jackson Rowling,Sawyer Owens,ND,Class B,139,1,2024,2024 Fargo Junior Greco-Roman
Jacob Perry,Xander Nielsen,GA,3A,144,1,2025,2025 NHSCA High School Nationals
Jake McCord,Tharin Svetanant,VA,4A,144,1,2026,NC Super 32 Early Entry
Jalen Terry-Winston,Elias Timms,CO,4A,285,1,2025,2025 NHSCA High School Nationals
Jaxon Thomas,Clayton McPheters,ME,Class B,106,1,2025,2025 NHSCA High School Nationals
Jaxon Thomas,Ryland Aston,GA,5A,106,1,2025,2025 Super 32
Jaxon Thomas,Cooper Smith,KS,6A,106,1,2025,2025 Super 32
Jaycob Perez,Jordan Bell,MO,3A,113,1,2026,2026 NHSCA High School Nationals
Jekai Sedgwick,Eli Sanders,AL,7A,113,1,2026,2026 NHSCA National Duals
John Stewart,Jovani Solis,FL,3A,138,1,2025,2025 Super 32
John Stewart,Koltyn Grebel,ND,Class A,139,1,2025,2025 Fargo Junior Freestyle
John Stewart,Lincoln Kelley,VA,4A,132,1,2025,2025 Fargo Junior Freestyle
John Stewart,Wyatt Unser,WI,D3,138,1,2025,2025 Fargo Junior Freestyle
John Stewart,Nathan Attisano,OH,Division III,132,1,2023,2023 Fargo 16U Freestyle
John Stewart,Roman Stewart,MO,4A,144,1,2023,2023 Fargo 16U Freestyle
Jordan Miller,Mason Sheltra,VT,High School,113,1,2026,2026 NHSCA High School Nationals
Joseph Trahan,Kyle Terrell,GA,2A,285,1,2024,2024 NHSCA High School Nationals
Josh Brezac,Loomis Alexander,WY,2A,144,1,2026,2026 NHSCA High School Nationals
Kenneth Pritz,Hunter Bras,AK,Division I,160,1,2025,2025 NHSCA High School Nationals
Kenneth Pritz,Kelten Crow,WY,4A,175,1,2023,2023 NHSCA High School Nationals
Kenneth Pritz,Calvin Kraisser,MD,2A/1A,150,1,2024,2024 NHSCA High School Nationals
Kyle Simpson,Michael Alexander,UT,4A,126,1,2025,2025 NHSCA High School Nationals
Kyle Simpson,Koy Orr,ID,4A,132,1,2025,2025 NHSCA High School Nationals
Kyser Kostoff,Levi DiCugno,WA,Boys 2A,175,1,2024,2024 Super 32
Liam Hickey,Richard Springs,SC,5A,126,1,2025,2025 NHSCA High School Nationals
Liam Hickey,Olli Webb,GA,4A,132,1,2025,2025 NHSCA High School Nationals
Liam Hickey,Pierce Pennington,GA,2A,150,1,2023,2023 NHSCA High School Nationals
Liam Hickey,Brodie Altman,VA,5A,138,1,2023,2023 NHSCA High School Nationals
Liam Hickey,Hunter Bogner,TX,5A,138,1,2024,2024 NHSCA High School Nationals
Liam Hickey,Eddie Radecki,DE,Open,144,1,2024,2024 NHSCA High School Nationals
Logan Hinton,Michael Byrne,VA,4A,165,1,2026,2026 Fargo Junior Greco-Roman
Logan Mumy,William Childs,GA,5A,175,1,2026,2026 Junior National Duals - Junior Greco-Roman Duals
Lorenzo Alston,Billy Tyler,VA,3A,157,1,2025,Journeymen Fall Classic
Lorenzo Alston,Isisah Womack,MD,4A/3A,138,1,2025,2025 NHSCA High School Nationals
Lorenzo Alston,Jonre Fisher,VA,6A,150,1,2025,2025 NHSCA High School Nationals
Lukas Allman,Kade Aguirre,NM,4A,139,1,2026,2026 NHSCA High School Nationals
Luke Osborne,Kash Hendrick,NV,3A,165,1,2024,2024 Fargo Junior Freestyle
Luke Richards,Vince Von Bernewitz,VA,5A,106,1,2026,Interstate 64 Spring Duals
Luke Richards,Reid Grandmason,NH,NHIAA,106,1,2026,2026 NHSCA High School Nationals
Mac Johnson,Walker Bunch,GA,1A,120,1,2026,2026 NHSCA National Duals
Mac Johnson,apollo bellini,RI,Boys,132,1,2026,2026 NHSCA National Duals
Mac Johnson,Trey Denny,AL,7A,126,1,2024,2024 NHSCA High School Nationals
Mac Johnson,Jackson Swingle,WV,A-AA,126,1,2025,2025 NHSCA High School Nationals
Mac Johnson,Jayden Grijalva,KS,5A,113,1,2023,2023 Fargo 16U Freestyle
Mac Johnson,Jayden Grijalva,KS,5A,113,1,2023,2023 Fargo 16U Greco-Roman
Mason Brown,Lukas Salas-Sanchez,OR,5A Boys,106,1,2026,2026 Fargo 16U Freestyle
Micah Howard,Carson Neubert,WI,D1,126,1,2026,2026 NHSCA High School Nationals
Nathan McCartney,Tatum Garcia,NM,5A,172,1,2025,2025 NHSCA High School Nationals
Nathan McCartney,Willie White,FL,3A,165,1,2025,2025 NHSCA High School Nationals
paxton kearns,Blake Smith,IL,1A,157,1,2026,NC Super 32 Early Entry
Riley Johnson,Leif Larwin,OR,5A Boys,175,1,2024,2024 Fargo 16U Greco-Roman
Riley Johnson,JayDen Williams,MI,Division 1,165,1,2024,2024 Fargo 16U Greco-Roman
Riley Johnson,Cy Fowler,TN,AA,175,1,2023,2023 Fargo 16U Freestyle
Riley Johnson,Brock Armstrong,ID,6A,165,1,2024,2024 Fargo 16U Freestyle
Ryan Mann,Isaiah Gallegos,CO,3A,144,1,2024,2024 Super 32
Ryan Mann,Canon Long,SC,4A,144,1,2024,2024 NHSCA High School Nationals
Samuel Gantt,Colston Skeen,WV,AAA,126,1,2025,2025 Super 32
Samuel Gantt,Dean Wainwright,IL,1A,132,1,2025,2025 Super 32
Santiago Ruiz Diaz,Nathan Nielsen,GA,3A,150,1,2023,2023 Super 32
Sebastian Rivera,Nicholas Ebrahimi,CT,Open,285,1,2025,2025 NHSCA High School Nationals
Stephen Cross,Elias Martinez,NM,5A,114,1,2026,2026 NHSCA High School Nationals
Stephen Cross,Lucas Stirling,WY,4A,106,1,2026,2026 NHSCA High School Nationals
Tobin McNair,John Smith,VA,1A,175,1,2026,Interstate 64 Spring Duals
Tobin McNair,Paxon Legatt,GA,2A,157,1,2025,2025 NHSCA High School Nationals
Tobin McNair,Gunnar Tamez,OR,3A Boys,165,1,2026,2026 NHSCA High School Nationals
Tobin McNair,Paxon Legatt,GA,2A,157,1,2025,2025 Ultimate Club Duals
Troy Shannon,Liam Fox,WY,4A,157,1,2025,2025 Fargo Junior Greco-Roman
Troy Shannon,Christopher Acuna,MT,AA,150,1,2024,2024 Fargo Junior Freestyle
Troy Shannon,Charles Laws-Albano,AZ,D2,150,1,2024,2024 Fargo Junior Greco-Roman
Tye Johnson,Dominic Way,WV,AAA,138,1,2024,2024 NHSCA High School Nationals
Tye Johnson,Jackson Carney,AK,Division II,140,1,2026,2026 NHSCA High School Nationals
Tye Johnson,Kade Aguirre,NM,4A,139,1,2026,2026 NHSCA High School Nationals
Tye Johnson,Peter Rincan,MA,All-State,120,1,2025,2025 Fargo Junior Freestyle
Aaron Ellison,Grant Leininger,MO,2A,150,2,2026,2026 AAU Scholastic Duals Boys
Aaron Ellison,Kaden Clark,AL,7A,138,2,2025,2025 NHSCA High School Nationals
Aaron Ellison,Peyton Hornsby,IN,Open,144,2,2025,2025 Fargo 16U Greco-Roman
Aaron Ellison,Devan Garcia,MI,Division 2,120,2,2025,2025 Ultimate Club Duals
Adair Panama,Colby Silva,AL,5A,132,2,2023,2023 NHSCA High School Nationals
Adam Walker,Branlun Simon,MI,Division 3,106,2,2026,2026 NHSCA National Duals
Adrian Feliciano,Wyatt Forney,NE,D,113,2,2026,2026 NHSCA National Duals
Aidan Gore,Braxten Crow,WY,4A,157,2,2025,2025 NHSCA High School Nationals
Aidan Gore,Conrad Kopari,ND,Class A,152,2,2026,2026 NHSCA High School Nationals
Alexander May,Benjamin Ploehn,UT,4A,126,2,2023,2023 NHSCA High School Nationals
Alexander Moody,Wyatt Anderson,SD,Class B,165,2,2026,2026 AAU Scholastic Duals Boys
Amanuel Kahsai,Louis Diaz,WV,A-AA,175,2,2026,2026 NHSCA National Duals
Amanuel Kahsai,Tanner Menge,ND,Class B,172,2,2026,2026 NHSCA High School Nationals
Andrew Meadows,Justin Batty,ME,Class A,157,2,2024,2024 NHSCA High School Nationals
Andrew Meadows,Henry Marsden,GA,6A,157,2,2024,2024 NHSCA High School Nationals
Austin Green,Paxton Smith,WV,A-AA,150,2,2024,2024 NHSCA High School Nationals
Avery Rhymer,Jax Finch,AZ,D3,215,2,2026,2026 NHSCA High School Nationals
Ayden Sumners,Jeratt Robinson,ID,5A,132,2,2025,2025 NHSCA High School Nationals
Bentley Sly,Kaygen Roberts,KY,KHSAA Boys/Coed State Championship,144,2,2024,2024 Super 32
Bentley Sly,Joseph Toscano,CA,Boys,144,2,2025,2025 NHSCA High School Nationals
Bentley Sly,Jayden Deal,NH,NHIAA,144,2,2026,2026 NHSCA High School Nationals
Bentley Sly,Colin Rutlin,MO,4A,144,2,2025,2025 Super 32
Bentley Sly,Gunnar Gossett,OH,Division III,144,2,2025,2025 Super 32
Bentley Sly,Kaden Bush,AK,Division I,145,2,2025,2025 Fargo Junior Freestyle
Bentley Sly,Ethan Lampert,TN,DII,150,2,2023,2023 Super 32
Bentley Sly,James Lally,MA,All-State,144,2,2024,2024 NHSCA High School Nationals
Bentley Sly,Colton Kelley,NE,C,144,2,2024,2024 Fargo 16U Freestyle
Braylon Butts,Maddox Baker,AR,Class 6A,106,2,2026,2026 NHSCA National Duals
Brock Sullivan,Sawyer Rutherford,TN,DII,190,2,2024,2024 NHSCA High School Nationals
Brock Sullivan,Aiden Ryan,VA,5A,175,2,2024,2024 NHSCA High School Nationals
Brock Sullivan,Genaro Pino,CO,4A,175,2,2024,2024 NHSCA High School Nationals
Cael Dunn,Brian Wright,GA,6A,175,2,2024,2024 NHSCA High School Nationals
Cameron Gue,Justin Harbin,AL,6A,132,2,2025,2025 NHSCA High School Nationals
Cayden Glass,Nico Rivera,NY,D1,124,2,2023,2023 NHSCA High School Nationals
Colt Cambruzzi,Lane Metcalf,WV,A-AA,138,2,2025,2025 NHSCA High School Nationals
Colt Campbell,Dylan Shelton,NY,D1,190,2,2024,2024 Super 32
Colt Campbell,Joey DiVello,VA,3A,175,2,2025,2025 NHSCA High School Nationals
Colt Campbell,Boden Bentley,MT,AA,165,2,2024,2024 NHSCA High School Nationals
Cooper Mathon,Taegan Leavitt,UT,5A,113,2,2026,2026 NHSCA High School Nationals
Dallas Owens,Daniel Goodwin,IL,2A,113,2,2023,2023 Super 32
Daniel McDermott,Andrew Juliano,NY,D2,108,2,2026,2026 NHSCA National Duals
Daniel McDermott,Luke Myhan,TN,A,113,2,2026,2026 NHSCA National Duals
Dominic Blue,Gianni Santo,RI,Boys,175,2,2026,2026 NHSCA National Duals
Dominic Blue,Sawyer Ayotte,MA,All-State,165,2,2024,2024 Super 32
Dominic Blue,Carter Canale,MD,2A/1A,175,2,2026,2026 NHSCA High School Nationals
Dominic Blue,Malik Mclaurin,SC,4A,175,2,2024,2024 NHSCA High School Nationals
Dominic Blue,Mitchel Wainscott,WY,3A,175,2,2024,2024 Fargo Junior Greco-Roman
Elijah Dorsey,Cole Faircloth,NV,5A,126,2,2025,2025 NHSCA High School Nationals
Elijah Frizzell,Albert Butler,GA,6A,285,2,2025,2025 NHSCA High School Nationals
Elijah Frizzell,Paul Harvey,MS,MISSHSAA Individual State Tournament,285,2,2025,2025 NHSCA High School Nationals
Ethan Powell,Eli Bowman,GA,2A,106,2,2024,2024 Fargo Junior Freestyle
Ethan Powell,Kacen Jones,UT,6A,106,2,2024,2024 Fargo Junior Freestyle
Ethan Powell,Daniel Alire,AZ,D1,106,2,2024,2024 Fargo Junior Greco-Roman
Everest Ouellette,Tamari Goodwin,SC,4A,285,2,2025,2025 NHSCA High School Nationals
Gabe Rogers,Logan Katz,VA,6A,126,2,2025,2025 NHSCA High School Nationals
Hayden Haynes,Benjahmin Wilcox,RI,Boys,215,2,2025,2025 NHSCA High School Nationals
Hayden Haynes,Hunter Langham,OR,3A Boys,285,2,2023,2023 Fargo 16U Greco-Roman
Holt Quincy,Justin Ford,GA,2A,120,2,2025,2025 Super 32
Ian Fritz,Brody Bailey,SC,5A,157,2,2025,2025 NHSCA High School Nationals
Jack Harty,Tyson Seesholtz,OH,Division III,150,2,2025,2025 Fargo Junior Freestyle
Jack Harty,Loki Bigras,MT,AA,175,2,2025,2025 Ultimate Club Duals
Jackson Rowling,Colten Jones,VA,4A,144,2,2024,2024 Super 32
Jackson Rowling,Hunter Keane,GA,4A,138,2,2023,2023 NHSCA High School Nationals
Jacob Campos,Ronny Marlow,GA,1A,144,2,2026,2026 NHSCA High School Nationals
Jacob Perry,Gavin Cheek,NE,C,132,2,2026,2026 AAU Scholastic Duals Boys
Jacob Reigel,Brian Wright,GA,6A,175,2,2026,2026 NHSCA High School Nationals
Jake Amiott,Lukas Boxley,CT,Open,120,2,2026,2026 Fargo 16U Freestyle
James Campos,Hagen Sharp,GA,2A,138,2,2025,2025 NHSCA High School Nationals
Jekai Sedgwick,Eric Bice,NV,5A,106,2,2026,2026 NHSCA High School Nationals
Jekai Sedgwick,Brayden Bunting,VA,2A,113,2,2025,2025 Super 32
John Stewart,Quinn McDermott,LA,Division 1,138,2,2025,2025 Super 32
John Stewart,Garrett VerHeecke,IL,1A,132,2,2025,2025 Fargo Junior Freestyle
John Stewart,Chase Creque,TN,AA,132,2,2025,2025 Fargo Junior Freestyle
John Stewart,Parker Zutter,MN,AA,139,2,2023,2023 Fargo 16U Freestyle
John Stewart,Austin Ellis,UT,6A,144,2,2023,2023 Fargo 16U Freestyle
John Stewart,Toby Shipman,OK,Boys 5A,138,2,2024,2024 Fargo Junior Freestyle
Jordyn Toliver,Guyton Henderson,SC,3A,175,2,2025,2025 NHSCA High School Nationals
Joshua Stonebraker,Kaden Clark,AL,7A,138,2,2026,2026 Junior National Duals - Junior Freestyle Duals
Joshua Stonebraker,Stone Redmon,MI,Division 3,144,2,2026,2026 Fargo Junior Freestyle
Kenneth Pritz,Myka Love,UT,4A,150,2,2025,2025 NHSCA High School Nationals
Keyshon Morrison,Landon Jackson,SC,5A,215,2,2026,2026 NHSCA National Duals
Kyle Simpson,Nathan Sayers,MA,All-State,126,2,2025,2025 NHSCA High School Nationals
Kyser Kostoff,Jeremy LeBlanc,AZ,D1,165,2,2024,2024 Super 32
Liam Hickey,Landon Evans,KY,KHSAA Boys/Coed State Championship,138,2,2024,2024 Super 32
Liam Hickey,Elijah Sierra,NM,5A,127,2,2025,2025 NHSCA High School Nationals
Liam Hickey,Evan Krantz,NV,5A,138,2,2023,2023 NHSCA High School Nationals
Logan Hinton,Tate Sailer,ND,Class A,172,2,2026,2026 Fargo Junior Greco-Roman
Logan Mumy,Gideon Carlisle,AR,Class 5A,175,2,2026,2026 Junior National Duals - Junior Freestyle Duals
Lorenzo Alston,Blake Samuelson,KS,6A,150,2,2025,2025 NHSCA High School Nationals
Lorenzo Alston,Matthew Arndt,VA,6A,157,2,2025,2025 Super 32
Luke Padgett,Griffin Bergen,NE,D,175,2,2026,2026 AAU Scholastic Duals Boys
Luke Padgett,Isaiah Jones,OK,Boys 6A,120,2,2026,Georgia Super 32 Early Entry
Luke Padgett,Louis Diaz,WV,A-AA,175,2,2026,2026 NHSCA High School Nationals
Mac Johnson,Braden Johnson,WI,D3,120,2,2024,2024 NHSCA High School Nationals
Mac Johnson,Deacon Morgan,MI,Division 1,126,2,2024,2024 Super 32
Mac Johnson,Carson Blum,MI,Division 2,113,2,2025,2025 Ultimate Club Duals
Mac Johnson,Camden Kuntz,ID,5A,113,2,2024,2024 Fargo 16U Greco-Roman
Matthew Akins,Owen Vigue,ME,Class B,106,2,2026,2026 NHSCA High School Nationals
Michael Fischer,Asa Reis,VT,High School,138,2,2026,2026 NHSCA High School Nationals
Mitchell Rowland,Cane Smolarsky,GA,6A,126,2,2025,2025 NHSCA High School Nationals
Mitchell Rowland,Chase Alvarez,VA,5A,144,2,2025,2025 NHSCA High School Nationals
Nathan Howard,Nathan Harris,SC,2A/1A,165,2,2026,2026 NHSCA National Duals
Noah Cerino,Colin Rutlin,MO,4A,144,2,2026,2026 Fargo Junior Greco-Roman
Riley Johnson,Ayden Miner,MN,A,160,2,2023,2023 Fargo 16U Freestyle
Riley Johnson,Nash Banko,WI,D3,175,2,2023,2023 Fargo 16U Freestyle
Samuel Gantt,Jaxson Scott,KS,6A,126,2,2026,2026 NHSCA High School Nationals
Samuel Gantt,Leland Cline,VA,3A,126,2,2025,2025 Super 32
Sebastian Rivera,Tamari Goodwin,SC,4A,285,2,2025,2025 NHSCA High School Nationals
Sebastian Rivera,Joel Simon,MI,Division 3,285,2,2024,2024 Fargo Junior Greco-Roman
Till Helms,Xzavier Salazar,NM,5A,145,2,2025,2025 NHSCA High School Nationals
Tobin McNair,Hudson Hohman,PA,AA,145,2,2024,2024 Super 32
Tobin McNair,Zane Willobee,MI,Division 2,165,2,2026,2026 AAU Scholastic Duals Boys
Tristen Lawrence,Javier Lopez,AZ,D4,126,2,2024,2024 NHSCA High School Nationals
Troy Shannon,Titus Rodela,OR,6A Boys,157,2,2025,2025 Fargo Junior Freestyle
Troy Shannon,Myka Love,UT,4A,150,2,2025,2025 Fargo Junior Freestyle
Tye Johnson,Lukas Boxley,CT,Open,120,2,2026,2026 NHSCA National Duals
Tyton Kostoff,Myles Sanchez,NE,A,138,2,2026,2026 NHSCA High School Nationals
Xavier Wilson,Jamil Morrow,MD,4A/3A,215,2,2024,2024 NHSCA High School Nationals
Xavier Wilson,Benjahmin Wilcox,RI,Boys,215,2,2024,2024 NHSCA High School Nationals
Abdul-Jamil Zaggout,Henry McElligott,MA,All-State,150,3,2026,2026 NHSCA High School Nationals
Adrian Feliciano,Taylon Winker,SC,5A,106,3,2026,2026 NHSCA High School Nationals
Adrian Feliciano,Alex Salyer,VA,2A,120,3,2026,2026 NHSCA High School Nationals
Aidan Szewczyk,Keygan Boucher,ME,Class B,126,3,2026,2026 NHSCA High School Nationals
Aiden White,Gabriel Serros,NM,5A,133,3,2026,2026 NHSCA High School Nationals
Aiden White,Noah Nicholson,MN,AAA,121,3,2025,2025 Super 32
Alex Rodriguez,Talon Belding,NE,B,120,3,2023,2023 Fargo 16U Greco-Roman
Alexander May,Emmons Tewalt,VA,4A,106,3,2023,2023 NHSCA High School Nationals
Amon Villarreal,Cole Dipietro,VA,1A,120,3,2024,2024 NHSCA High School Nationals
Andrew Davis,Jacob Critchfield,NH,NHIAA,157,3,2025,2025 NHSCA High School Nationals
Andrew Meadows,Nick Moore,VA,6A,157,3,2026,2026 NHSCA High School Nationals
Anthony DePaul,Benjamin Aguilar,VA,6A,138,3,2025,2025 Super 32
Austin Green,Aiden Valdovinos,TX,5A,138,3,2024,2024 NHSCA High School Nationals
Avery Rhymer,Porter Loveland,FL,2A,215,3,2025,2025 Super 32
Ayden Sumners,Cedric Montgomery,GA,2A,126,3,2026,2026 NHSCA National Duals
Ayden Sumners,Jameson Thomas,AL,7A,113,3,2026,2026 NHSCA High School Nationals
Bentley Sly,Nathaniel Burchfiel,TX,6A,132,3,2025,2025 NHSCA High School Nationals
Bentley Sly,Chance Ruble,MO,4A,150,3,2025,2025 Super 32
Bentley Sly,Dillon Gray,ME,Class A,150,3,2026,2026 Fargo Junior Freestyle
Bentley Sly,Ashton Hobson,IL,3A,150,3,2025,2025 Fargo Junior Freestyle
Brieon Mayfield,Shepard Stephens,UT,6A,175,3,2026,2026 NHSCA High School Nationals
Cael Dunn,Trace Nielsen,AZ,D4,190,3,2026,2026 NHSCA High School Nationals
Cael Dunn,Wes Burford,CA,Boys,215,3,2023,2023 NHSCA High School Nationals
Campbell Tufts,Stephen Whisler,NH,NHIAA,144,3,2026,2026 Journeymen Fall Classic (OF)
Campbell Tufts-Piercy,Evan Ours,OH,Division II,165,3,2026,2026 NHSCA High School Nationals
Carson Owens,Conner Chancellor,OK,Boys 5A,120,3,2025,2025 Fargo 16U Freestyle
Carson Raper,Wyatt Womack,GA,3A,106,3,2026,2026 Junior National Duals - Junior Greco-Roman Duals
Carson Raper,Maddox Taft,WA,Boys 3A,106,3,2025,2025 Fargo 16U Freestyle
Carson Worrick,Ezra Finstad,TN,A,144,3,2024,2024 Super 32
Carter Furman,Aydin Schifino,RI,Boys,126,3,2024,2024 NHSCA High School Nationals
Christopher Aparicio,Jacob Critchfield,NH,NHIAA,157,3,2024,2024 Super 32
Christopher Aparicio,Holden McCullough,GA,3A,157,3,2025,2025 Super 32
Colt Cambruzzi,Anthony Szabo,VT,High School,132,3,2026,2026 NHSCA High School Nationals
Colt Cambruzzi,Tyler Mindala,SC,5A,126,3,2025,2025 Super 32
Colt Campbell,Charlie Herting,CO,5A,175,3,2024,2024 NHSCA High School Nationals
Connor Reece,Adrian Day,FL,1A,132,3,2025,2025 NHSCA High School Nationals
Cooper Foster,Cale Wood,MA,All-State,120,3,2023,2023 NHSCA High School Nationals
Cory Thomas Jr.,Dylan Pile,CA,Boys,175,3,2023,2023 Super 32
Dallas Owens,Emmons Tewalt,VA,4A,106,3,2023,2023 Super 32
Damien Couture,Hunter Drawdy,SC,5A,285,3,2025,2025 NHSCA High School Nationals
Damien Couture,Dryden Pruitt,AZ,D3,285,3,2024,2024 Fargo Junior Freestyle
Daniel McDermott,Aiden Meeks,WV,A-AA,113,3,2025,2025 Super 32
Devin Hord,Brody Ashley,MI,Division 3,106,3,2026,2026 Fargo 16U Freestyle
Dominic Blue,Gavin Regis,UT,6A,157,3,2026,2026 NHSCA High School Nationals
Dominic Blue,Tyler Abell,MO,4A,165,3,2025,2025 Fargo Junior Freestyle
Dominic Hittepole,Jordan Crouch,TN,DII,175,3,2025,2025 Super 32
Dominic Hittepole,Griffin Harper,GA,4A,190,3,2023,2023 NHSCA High School Nationals
Eli Horton,Aaron Campbell,GA,5A,144,3,2025,2025 Super 32
Elijah Dorsey,Cale Wood,MA,All-State,120,3,2023,2023 NHSCA High School Nationals
Everest Ouellette,Brady Griffin,MO,4A,285,3,2024,2024 Super 32
Everest Ouellette,Brayden Hill,KS,6A,285,3,2025,2025 NHSCA High School Nationals
Gabe Rogers,Talon Verbeck,KS,6A,138,3,2025,2025 Super 32
Gabe Rogers,Chazz Robinson,IL,3A,120,3,2023,2023 Super 32
Gabriel Rogers,Morgan Duke,OK,Boys 4A,120,3,2025,2025 Fargo Junior Freestyle
Gabriel Rogers,Brody Gossen,SD,Class A,120,3,2023,2023 Fargo 16U Freestyle
Hayden Haynes,Bryce Dadey,NY,D1,215,3,2025,2025 NHSCA High School Nationals
Hayden Smith,Carter Johnson,ND,Class A,285,3,2024,2024 Fargo 16U Freestyle
Holton Quincy,Nolan Hardeman,TN,DII,120,3,2026,2026 NHSCA National Duals
Holton Quincy,Brett Kiecker,MN,AA,114,3,2024,2024 Fargo 16U Freestyle
Ian Fritz,Max Haws,AZ,D3,165,3,2025,2025 NHSCA High School Nationals
Ian Fritz,Micah Thompson,KY,KHSAA Boys/Coed State Championship,157,3,2024,2024 Super 32
Imon Freeman,Wyatt Boley,CO,4A,157,3,2025,2025 NHSCA High School Nationals
Jack Harty,Lucas Mata,AZ,D1,190,3,2025,2025 Fargo Junior Greco-Roman
Jack Kancler,Micah Proffitt,AR,Class 6A,150,3,2026,2026 NHSCA High School Nationals
Jackson Rowling,Tripp Vigil,WY,4A,150,3,2024,2024 Fargo Junior Greco-Roman
Jacob Hillis,Lucas Mata,AZ,D1,190,3,2025,2025 NHSCA High School Nationals
Jacob McCord,Henry McElligott,MA,All-State,150,3,2026,2026 NHSCA High School Nationals
Jake Amiott,Jack Hutchinson,KS,6A,113,3,2026,2026 Fargo 16U Freestyle
John Bane,Gunter Fore,GA,4A,157,3,2026,Georgia Super 32 Early Entry
John Stewart,Cade Aaberg,WI,D1,138,3,2023,2023 Fargo 16U Freestyle
Jose Trejo,Nathan Morales,MA,All-State,106,3,2025,Journeymen Fall Classic (OF)
Joshua Stonebraker,Dillon Gray,ME,Class A,150,3,2026,2026 NHSCA High School Nationals
Joshua Stonebraker,Ty Eversman,CO,4A,144,3,2025,2025 Fargo Junior Freestyle
Justin Harbin,Cedric Montgomery,GA,2A,126,3,2025,2025 Fargo Junior Freestyle
Kael Seneca,Drayton Johnson,SC,5A,120,3,2025,2025 Super 32
Kael Seneca,Ryan OKeefe,VA,4A,113,3,2025,2025 Super 32
Kane Bryson,Seth McGrew,RI,Boys,144,3,2023,2023 NHSCA High School Nationals
Layne Armstrong,Luke Johannes,SC,2A/1A,132,3,2023,2023 NHSCA High School Nationals
Liam Hickey,Tj Meyer,KY,KHSAA Boys/Coed State Championship,144,3,2024,2024 Super 32
Liam Myles,Stephano Calderon,SC,4A,106,3,2025,2025 Super 32
Logan Hinton,Charlie Herting,CO,5A,175,3,2025,2025 Fargo Junior Greco-Roman
Logan Mumy,Akeem Mitchell,NM,5A,172,3,2024,2024 Fargo 16U Freestyle
Lorenzo Alston,Massimiliano Pellicano,FL,3A,144,3,2025,2025 NHSCA High School Nationals
Lorenzo Alston,Luke Knox,PA,AAA,152,3,2025,2025 Super 32
Luke Richards,Brandon Wunder,MD,2A/1A,113,3,2026,2026 AAU Scholastic Duals Boys
Luke Richards,Rylan Robbins,SD,Class B,120,3,2026,2026 AAU Scholastic Duals Boys
Mac Johnson,remington judd,AZ,D1,120,3,2026,2026 NHSCA National Duals
Mac Johnson,Riley Sumner,MO,4A,120,3,2024,2024 NHSCA High School Nationals
Mac Johnson,Zach Held,NE,C,120,3,2026,2026 AAU Scholastic Duals Boys
Mac Johnson,Logan Christopher,MI,Division 2,132,3,2026,2026 AAU Scholastic Duals Boys
Mac Johnson,Karson Vessells,SD,Class A,126,3,2026,2026 AAU Scholastic Duals Boys
Mac Johnson,Derek Winseman,TN,AA,138,3,2026,2026 NHSCA High School Nationals
Mac Johnson,Max Mooney,VA,4A,132,3,2023,2023 Fargo 16U Greco-Roman
Mac Johnson,Ryan Dietrick,TN,AA,120,3,2024,2024 Fargo 16U Freestyle
Max Davis,Andrew Craig,NH,NHIAA,132,3,2025,2025 NHSCA High School Nationals
Michael Fischer,Jackson Grandel,DE,Open,144,3,2025,2025 NHSCA High School Nationals
Nathan McCartney,Frankie Florio,FL,1A,165,3,2025,2025 NHSCA High School Nationals
Nicholas Arado,Derek Winseman,TN,AA,138,3,2025,2025 NHSCA High School Nationals
Riley Johnson,Camden Crew,OK,Boys 4A,190,3,2023,2023 Fargo 16U Freestyle
Riley Johnson,Max Haws,AZ,D3,165,3,2023,2023 Fargo 16U Freestyle
Ryan Thompson,Blake McVey,AR,Class 6A,165,3,2025,2025 Fargo 16U Freestyle
Sammuel Gantt,Cason Waddell,GA,3A,138,3,2026,2026 NHSCA National Duals
Stephen Cross,Caden Barbera,RI,Boys,106,3,2026,2026 NHSCA High School Nationals
Till Helms,Kye Karcher,LA,Division 1,132,3,2024,2024 NHSCA High School Nationals
Tobin McNair,Leo Foreman,MD,4A/3A,144,3,2026,2026 AAU Scholastic Duals Boys
Tobin McNair,Eli Homan,MO,3A,165,3,2026,2026 AAU Scholastic Duals Boys
Tobin McNair,Caleb Brown,WY,2A,113,3,2026,2026 AAU Scholastic Duals Boys
Tobin McNair,Colton Mcguire,VA,5A,175,3,2026,NC Super 32 Early Entry
Troy Shannon,Eli Esguerra,OH,Division I,150,3,2025,2025 Fargo Junior Greco-Roman
Troy Shannon,Horacio Bowen,VA,5A,157,3,2023,2023 Super 32
Troy Shannon,Walter Tinney,GA,6A,190,3,2023,2023 NHSCA High School Nationals
Tye Johnson,Tohmi Carney,OK,Boys 5A,132,3,2023,2023 Fargo 16U Greco-Roman
Aaron Ellison,Lane Spencer,MT,B/C,138,4,2026,2026 NHSCA High School Nationals
Adair Panama,Izaiah Santiago,MA,All-State,120,4,2023,2023 NHSCA High School Nationals
Aidan Gore,Anthony Lombardi,RI,Boys,150,4,2026,2026 NHSCA High School Nationals
Aidan Szewczyk,Ashton Campos,VA,5A,132,4,2026,2026 NHSCA High School Nationals
Aiden Burkholder,Kamden Robinson,NE,D,106,4,2026,2026 AAU Scholastic Duals Boys
Aiden White,Roman Wurtemberg,VA,6A,132,4,2025,2025 Super 32
Austin Laws,Piero Papili,DE,Open,138,4,2025,2025 NHSCA High School Nationals
Ayden Sumners,Ahmed Daoud,GA,5A,113,4,2026,2026 NHSCA High School Nationals
Bentley Sly,Chase Hansen,NJ,Open,138,4,2024,2024 Super 32
Bentley Sly,Lazaro Torralba,MD,4A/3A,165,4,2026,2026 Fargo Junior Freestyle
Bentley Sly,Timmy Fitzgerald,TX,6A,144,4,2025,2025 Fargo Junior Freestyle
Bentley Sly,Luke Reid,IN,Open,144,4,2024,2024 Fargo 16U Freestyle
Boedi Kirkland,Jadon Shanholtz,VA,2A,138,4,2025,2025 NHSCA High School Nationals
Brock Sullivan,Edward Myles,MA,All-State,190,4,2024,2024 Fargo Junior Freestyle
Brock Sullivan,Joseph Muhlstein,MN,AAA,189,4,2024,2024 Fargo Junior Freestyle
Cael Dunn,Zachary Iaciofano,RI,Boys,175,4,2024,2024 NHSCA High School Nationals
Carson Worrick,Ryker Cox,NY,D2,160,4,2026,2026 NHSCA High School Nationals
Carson Worrick,Hayden Adkins,SC,4A,150,4,2026,2026 NHSCA High School Nationals
Carson Worrick,Vincent Rivera,CT,Open,150,4,2026,2026 Journeymen Fall Classic
Carson Worrick,Anthony Lombardi,RI,Boys,150,4,2026,2026 Journeymen Fall Classic
Charles Thompson,Tayson Moon,WY,4A,106,4,2025,2025 NHSCA High School Nationals
Charles Thompson,Henry Quiver,WY,3A,120,4,2026,2026 Fargo Junior Freestyle
Christopher Aparicio,Anthony Lombardi,RI,Boys,150,4,2025,2025 NHSCA High School Nationals
Cody Bui,Leland Flaherty,FL,1A,120,4,2026,2026 NHSCA High School Nationals
Cole Shuster,Aidan Lee,NY,D2,124,4,2026,2026 NHSCA National Duals
Colt Cambruzzi,David Lewis,VA,4A,120,4,2025,2025 NHSCA High School Nationals
Connor Brinkley,Vincent Mcateer,RI,Boys,215,4,2024,2024 NHSCA High School Nationals
Cooper Foster,Thunder Beard,PA,AAA,114,4,2023,2023 Super 32
Corbin McCartney,Jason Blackmon,SC,4A,144,4,2025,2025 NHSCA High School Nationals
Damien Couture,Luke Cox,OH,Division I,285,4,2024,2024 Super 32
Dominic Blue,Michael Hunter,AZ,D1,165,4,2024,2024 Fargo Junior Freestyle
Donovan Edwards,Taryn Nichols,MO,4A,157,4,2024,2024 Super 32
Drew Teeter,Colton Jarecki,NE,A,175,4,2026,2026 NHSCA National Duals
Drew Teeter,Ashton Delaney,MI,Division 1,175,4,2026,2026 NHSCA National Duals
Drew Teeter,Jules Deshotels,LA,Division 2,190,4,2026,2026 NHSCA High School Nationals
Eli Horton,Dallan Rawlings,AZ,D3,150,4,2026,2026 NHSCA High School Nationals
Fares Alkurdasi,D`Marion Erlenbeck,MI,Division 2,165,4,2026,2026 AAU Scholastic Duals Boys
Gabe Rogers,Jaxson Freeman,ID,6A,120,4,2025,2025 NHSCA High School Nationals
Garrett Young,Gabe Holt,NH,NHIAA,215,4,2026,2026 NHSCA National Duals
Gavin Lopez,Quentin Avent,ME,Class A,215,4,2025,2025 Ultimate Club Duals
Ian Fritz,Waylan Winseman,NY,D2,152,4,2025,2025 NHSCA High School Nationals
Jack Kancler,Ayden Hicks,SC,4A,132,4,2026,2026 NHSCA High School Nationals
Jackson Rowling,Noah Garcia-Salazar,CO,4A,150,4,2025,2025 Fargo Junior Freestyle
Jackson Rowling,Anthony O`Dell,FL,1A,138,4,2023,2023 NHSCA High School Nationals
Jacob Alvarez,Isaiah McDaniel,CT,Open,132,4,2026,2026 Fargo Junior Greco-Roman
Jacob Alvarez,Brody Shepard,WY,2A,126,4,2023,2023 Fargo 16U Freestyle
Jacob De La Torre,Kyle McCarthy,RI,Boys,144,4,2025,2025 NHSCA High School Nationals
Jacob Dusche,Mario Fernandez,AZ,D4,120,4,2025,2025 NHSCA High School Nationals
Jacob Hillis,Jim Coxbill,WY,4A,165,4,2025,2025 NHSCA High School Nationals
Jacob Perry,Jin Davis,GA,4A,138,4,2026,Georgia Super 32 Early Entry
Jacob Perry,Caden Judice,PA,AA,133,4,2025,2025 Ultimate Club Duals
Jake Amiott,Xander Courneya,MI,Division 1,144,4,2026,2026 AAU Scholastic Duals Boys
Jake Amiott,Bryson Burton,OK,Boys 5A,132,4,2025,2025 Fargo 16U Freestyle
John Stewart,Trey LeChase,NY,D1,131,4,2023,2023 Fargo 16U Freestyle
John Stewart,Chris Dennis,PA,AAA,152,4,2023,2023 Fargo 16U Freestyle
Joseph Little,Joshua Ramos,CT,Open,106,4,2025,2025 NHSCA High School Nationals
Joseph Lloyd,Chris Castillo,VA,5A,126,4,2024,2024 NHSCA High School Nationals
Josh Brezac,Truman Winningham,OR,5A Boys,126,4,2026,2026 Fargo Junior Freestyle
Keyshon Morrison,Vincent Mcateer,RI,Boys,215,4,2024,2024 NHSCA High School Nationals
Khalif Rhodes,Brayden Bringer,GA,5A,150,4,2025,2025 Super 32
Landon Pope,Brady Thrash,AL,1-4A,215,4,2023,2023 NHSCA High School Nationals
Lorenzo Alston,Eric Ellis,SC,5A,150,4,2025,2025 Super 32
Lorenzo Alston,David Jewell,GA,4A,150,4,2023,2023 NHSCA High School Nationals
Lukas Allman,Parker Carl,VT,High School,190,4,2024,2024 NHSCA High School Nationals
Mac Johnson,Colin Strayer,IN,Open,113,4,2025,2025 Super 32
Mac Johnson,Tyler Ineman,OH,Division III,126,4,2025,2025 Super 32
Mac Johnson,Kane Johnson,MN,AA,127,4,2026,2026 Fargo Junior Freestyle
Mac Johnson,Brayden Boccia,MA,All-State,113,4,2025,2025 Ultimate Club Duals
Mac Kopelman,Ethan Bryant,VA,1A,165,4,2025,2025 NHSCA High School Nationals
Marcello Scaldaferri,Ayden Hicks,SC,4A,132,4,2026,2026 NHSCA High School Nationals
Mason Brown,Connor Avery,UT,5A,106,4,2026,2026 Fargo 16U Greco-Roman
Michael Fischer,Jayden Duncanson,NY,D2,138,4,2026,2026 NHSCA High School Nationals
Michael Mauro,Garvan Leo,MS,MISSHSAA Individual State Tournament,157,4,2026,2026 NHSCA High School Nationals
Miller Menteer,Cash Prado,GA,5A,132,4,2026,2026 Junior National Duals - Junior Greco-Roman Duals
Mitchell Rowland,Landon Martin,FL,2A,175,4,2026,2026 Tar Heel State Classic - 16U Boys Freestyle
Nash Mullis,Josh Brown,SC,5A,144,4,2026,NC Super 32 Early Entry
Nathan McCartney,Jayden McKinney,TN,AA,144,4,2024,2024 NHSCA High School Nationals
Noah Cerino,Braxten Antuna,OK,Boys 5A,144,4,2026,2026 Fargo Junior Greco-Roman
Paxton Kearns,Noah Boyer,NE,B,106,4,2026,2026 AAU Scholastic Duals Boys
Riley Johnson,Connor Heron,CO,4A,190,4,2025,2025 Fargo Junior Freestyle
Ryan Thompson,Jules Deshotels,LA,Division 2,190,4,2025,2025 NHSCA High School Nationals
Sam Harper,Cannen Harlow,VA,3A,190,4,2025,2025 Ultimate Club Duals
Santiago Ruiz Diaz,Devin Sweeney,MD,2A/1A,165,4,2024,2024 NHSCA High School Nationals
Tobin Mcnair,Vincent Rivera,CT,Open,150,4,2026,2026 Journeymen Fall Classic
Tobin McNair,Brenden Ging,NE,B,157,4,2026,2026 AAU Scholastic Duals Boys
Trevelian Hall,Garrett Ferguson,FL,2A,113,4,2024,2024 NHSCA High School Nationals
Troy Shannon,Konnor Johnson,ND,Class A,160,4,2024,2024 Fargo Junior Freestyle
Aaron Ellison,Kayson White,KY,KHSAA Boys/Coed State Championship,138,5,2025,2025 NHSCA High School Nationals
Aaron Ellison,Aj West,GA,4A,126,5,2026,2026 NHSCA High School Nationals
Aaron Ellison,Murphy Randolph,KS,4A,138,5,2025,2025 Fargo 16U Greco-Roman
Aidan Szewczyk,Aj West,GA,4A,126,5,2025,2025 Super 32
Aiden White,Karter Stiffler,AL,7A,120,5,2026,2026 NHSCA High School Nationals
Aiden White,Alexander Bermudez,AZ,D1,126,5,2026,2026 NHSCA High School Nationals
Aiden White,Cole Cichocki,MI,Division 2,120,5,2025,2025 Ultimate Club Duals
Aiden White,Antonio Morales,FL,3A,113,5,2023,2023 Super 32
Amanuel Kahsai,John Bramlett,TN,DII,175,5,2026,Georgia Super 32 Early Entry
Andrew Meadows,Wisdom Iheanacho,GA,6A,165,5,2026,2026 NHSCA High School Nationals
Andrew Meadows,Logan Holmes,MA,All-State,165,5,2026,2026 NHSCA High School Nationals
Andrew Meadows,Noah Colon,CT,Open,175,5,2025,2025 Fargo Junior Greco-Roman
Bentley Sly,Blake Boyer,PA,AAA,139,5,2025,2025 NHSCA High School Nationals
Bentley Sly,Riffat Pathan,VA,6A,132,5,2026,2026 NHSCA High School Nationals
Bentley Sly,Austin Gyorkos,MI,Division 2,138,5,2025,2025 Ultimate Club Duals
Brady Donovan,Colin Villaluz,TN,AA,106,5,2024,2024 NHSCA High School Nationals
Cael Dunn,Mason Savidan,CA,Boys,190,5,2024,2024 Super 32
Cameron Gue,Braiden Marengo,LA,Division 1,126,5,2024,2024 NHSCA High School Nationals
Carson Owens,Jacob Merry,GA,3A,120,5,2026,2026 NHSCA High School Nationals
Carson Worrick,Logan Trujillo,CO,4A,144,5,2025,2025 NHSCA High School Nationals
Connor Reece,Joe Scott,NY,D2,124,5,2025,2025 NHSCA High School Nationals
Connor Reece,Joe Scott,NY,D2,124,5,2025,2025 NHSCA High School Nationals
Connor Reece,Brady McMurtry,MO,4A,138,5,2025,2025 Super 32
Cooper Foster,Connor Sheridan,NY,D1,108,5,2023,2023 Super 32
Corbin McCartney,Kaden Stone,WV,AAA,144,5,2025,2025 NHSCA High School Nationals
Dominic Blue,Logan Brown,TN,AA,165,5,2026,2026 NHSCA National Duals
Dominic Blue,Bo Goodman,UT,6A,150,5,2026,2026 NHSCA High School Nationals
Dominic Blue,Michael Cain,IN,Open,165,5,2025,2025 Fargo Junior Freestyle
Dominic Hittepole,Griffin McQuade,NY,D2,215,5,2025,2025 NHSCA High School Nationals
Dominic Hittepole,Luka Lemaota,TN,DII,215,5,2023,2023 NHSCA High School Nationals
Eli Horton,Eli Thoman,GA,5A,126,5,2023,2023 NHSCA High School Nationals
Eli Thomas,Garrett Bracken,UT,6A,106,5,2025,2025 Fargo Junior Freestyle
Ethan Powell,Damian Trujillo,NM,5A,114,5,2024,2024 Fargo Junior Freestyle
Gabe Rogers,Owen LaRose,MN,AAA,114,5,2024,2024 Super 32
Gabe Rogers,Kane Dauber,IL,1A,132,5,2025,2025 Super 32
Gabe Rogers,Alzider Ortiz,FL,3A,106,5,2023,2023 Super 32
Gabriel Rogers,Kellen Downing,MT,AA,118,5,2025,2025 Fargo Junior Freestyle
Gavin Lopez,Tijuan l Powell,VA,5A,215,5,2026,Interstate 64 Spring Duals
Gavin Lopez,Bentley Fleshman,VA,3A,285,5,2025,2025 Ultimate Club Duals
Hayden Haynes,Noah Austin,CO,4A,215,5,2025,2025 NHSCA High School Nationals
Hayden Smith,Murphy Randolph,KS,4A,138,5,2026,2026 Junior National Duals - Junior Greco-Roman Duals
Hayden Smith,Sawyer Greenstreet,OR,5A Boys,126,5,2025,2025 Fargo 16U Greco-Roman
Ian Fritz,Aidan Schoen,MO,4A,150,5,2025,2025 NHSCA High School Nationals
Ian Fritz,Lucas Gannotti,CT,Open,150,5,2024,2024 NHSCA High School Nationals
Jack Harty,Braxten Roche,MI,Division 1,157,5,2025,2025 Ultimate Club Duals
Jack Kancler,Ryan Munn,NY,D1,145,5,2026,2026 NHSCA High School Nationals
Jacob Dusche,Greyson Molina,ID,5A,120,5,2025,2025 NHSCA High School Nationals
Jacob Perry,Haden Henderson,VA,2A,138,5,2026,Interstate 64 Spring Duals
Jacob Perry,Braelyn Nelson,GA,3A,138,5,2026,Georgia Super 32 Early Entry
Jacob Reigel,Braxton JOhnson,WV,AAA,190,5,2026,2026 NHSCA High School Nationals
Jacob Reigel,hayden carl,VA,6A,157,5,2024,2024 NHSCA High School Nationals
Jake Amiott,Langdon Klinkhammer,SD,Class A,138,5,2026,2026 AAU Scholastic Duals Boys
Joseph Trahan,Jahlil Settles,DE,Open,285,5,2024,2024 NHSCA High School Nationals
Josh Brezac,Jett Atchley,ID,4A,144,5,2026,2026 Fargo Junior Greco-Roman
Joshua Stonebraker,Murphy Randolph,KS,4A,138,5,2026,2026 Junior National Duals - Junior Freestyle Duals
Kavan Wilson,Wisdom Iheanacho,GA,6A,165,5,2025,2025 NHSCA High School Nationals
Kyser Kostoff,Anton Puhach,MA,All-State,175,5,2024,2024 Super 32
Landon Pope,Brody Belville,TN,DII,190,5,2024,2024 NHSCA High School Nationals
Liam Hickey,Ezequiel Valadez,TX,6A,132,5,2025,2025 NHSCA High School Nationals
Liam McConaughy,Reed Loeffel,TN,AA,120,5,2024,2024 NHSCA High School Nationals
Logan Hinton,Ethan Jordan,CO,3A,157,5,2025,2025 Fargo Junior Greco-Roman
Logan Hinton,Michael Cain,IN,Open,165,5,2025,2025 Fargo Junior Greco-Roman
Lorenzo Alston,Max Wirnsberger,PA,AA,172,5,2026,2026 NHSCA National Duals
Lorenzo Alston,Jordan Thompson,PA,AA,152,5,2024,2024 NHSCA High School Nationals
Lorenzo Alston,Max Wirnsberger,PA,AA,172,5,2024,2024 NHSCA High School Nationals
Lorenzo Alston,Ryan Everhart,CO,5A,150,5,2024,2024 NHSCA High School Nationals
Luke Padgett,Bryce Schwan,AL,6A,175,5,2026,2026 NHSCA High School Nationals
Luke Richards,Max Rowe,MO,4A,106,5,2026,2026 AAU Scholastic Duals Boys
Luke Richards,Zander Mueller,WI,D3,106,5,2026,NC Super 32 Early Entry
Mac Johnson,Andrew Tarango,TX,6A,138,5,2026,2026 NHSCA High School Nationals
Mac Johnson,Trandyn Lundquist,WA,Boys 4A,120,5,2024,2024 Fargo 16U Greco-Roman
Matthew Carter,Antonio Morales,FL,3A,113,5,2026,2026 NHSCA High School Nationals
Miller Menteer,Zachary Murphy,TN,A,132,5,2024,2024 NHSCA High School Nationals
Mitchell Rowland,Christian Davis,TN,A,126,5,2025,2025 NHSCA High School Nationals
Riley Johnson,Tre Driggett,FL,1A,165,5,2026,2026 Fargo Junior Freestyle
Sebastian Rivera,Jamison Bade,WY,4A,285,5,2025,2025 NHSCA High School Nationals
Stephen Cross,Lucas Bundy,VA,6A,106,5,2026,2026 NHSCA High School Nationals
Travis Nobles,Alexander Reyes,NJ,Open,190,5,2026,2026 NHSCA National Duals
Tye Johnson,Jett Atchley,ID,4A,144,5,2026,2026 Fargo Junior Freestyle
Xavier Bernthal,Jake Welsh,WV,AAA,106,5,2026,2026 NHSCA National Duals
Xavier Wilson,Brycen Arthur,WV,AAA,215,5,2023,2023 NHSCA High School Nationals
Aaron Ellison,Maddox Slater,ND,Class A,152,6,2024,2024 Fargo 16U Freestyle
Aaron Ellison,Noah Leota,FL,1A,150,6,2024,2024 Fargo 16U Greco-Roman
Abdul-Jamil Zaggout,Bryson Thompson,FL,3A,144,6,2026,2026 NHSCA High School Nationals
Aidan Szewczyk,Mason Glotfelty,MD,2A/1A,126,6,2024,2024 NHSCA High School Nationals
Aiden White,Ethan Gonzales,TX,5A,132,6,2026,2026 NHSCA High School Nationals
Aiden White,Danny Gatto,VA,6A,126,6,2025,2025 Fargo 16U Greco-Roman
Andrew Meadows,Dylan MIller,VA,5A,175,6,2026,Interstate 64 Spring Duals
Ayden Sumners,Braiden Bartlett,TX,6A,113,6,2025,2025 NHSCA High School Nationals
Ayden Sumners,Ridge Adams,ID,4A,113,6,2026,2026 Fargo Junior Freestyle
Bentley Sly,Jordan Penick,MO,3A,132,6,2023,2023 Super 32
Brock Sullivan,Chett Mannier,OH,Division III,190,6,2024,2024 Super 32
Cael Dunn,Tyler Palumbo,NJ,Open,215,6,2025,Journeymen Fall Classic
Cael Dunn,Xavier Bitner,IL,2A,215,6,2025,2025 Super 32
Carson Raper,Rowdey Starcher,KS,4A,106,6,2026,2026 Junior National Duals - Junior Freestyle Duals
Carson Raper,Rowdey Starcher,KS,4A,106,6,2026,2026 Junior National Duals - Junior Greco-Roman Duals
Carson Worrick,Tucker Karr,GA,1A,132,6,2024,2024 NHSCA High School Nationals
Carson Worrick,Nikita Chechkovsky,FL,3A,157,6,2026,2026 NHSCA High School Nationals
Cayden Glass,James Soha,GA,4A,120,6,2025,2025 NHSCA High School Nationals
Cayden Laws,Elijah Schafer,GA,5A,132,6,2026,2026 NHSCA High School Nationals
Christopher Gaither,Noah Jackson,OH,Division I,157,6,2026,NC Super 32 Early Entry
Cooper Foster,Jayden Lee,PA,AAA,114,6,2025,2025 NHSCA High School Nationals
Cooper Foster,Nathaniel Granados,CA,Boys,106,6,2024,2024 NHSCA High School Nationals
Cooper Mathon,Everett Stephens,FL,1A,113,6,2026,2026 NHSCA High School Nationals
Dallas Owens,Liam Collins,MN,AAA,114,6,2023,2023 Super 32
Damien Couture,Tyler Meeuwsen,MI,Division 1,215,6,2025,2025 Fargo Junior Freestyle
Devin Cotton,Dylan Miller,VA,5A,175,6,2024,2024 NHSCA High School Nationals
Devin Hord,Carter Mullen,MD,2A/1A,113,6,2026,2026 NHSCA National Duals
Devin Hord,wyatt nichols,WV,A-AA,175,6,2026,2026 NHSCA National Duals
Eli Horton,Gunnar Maciejewski,PA,AA,139,6,2025,2025 NHSCA High School Nationals
Eli Horton,Ryan Ball,NY,D1,131,6,2024,2024 NHSCA High School Nationals
Elijah Dorsey,Teague Jensen,ID,6A,126,6,2024,2024 Fargo Junior Greco-Roman
Ethan Powell,Ethan Cobarrubias,TX,5A,113,6,2025,2025 Fargo Junior Greco-Roman
Fares Alkurdasi,Austin Cole,FL,1A,215,6,2026,2026 AAU Scholastic Duals Boys
Gavin Lopez,Michael McCullough,CO,4A,215,6,2025,2025 NHSCA High School Nationals
Hayden Haynes,Cayden Bell,MI,Division 2,215,6,2024,2024 Fargo Junior Freestyle
Ian Fritz,Kingston Strouse,NY,D1,152,6,2025,2025 NHSCA High School Nationals
Jacob Perry,Zane Bovenizer,GA,6A,150,6,2025,2025 NHSCA High School Nationals
Jacob Perry,Benjamin White,MT,A,138,6,2025,2025 Ultimate Club Duals
Jamarius Pelote,Taggart Murphy,KS,6A,144,6,2025,2025 NHSCA High School Nationals
Jamarius Pelote,Christian Bailey,WY,4A,144,6,2026,2026 NHSCA High School Nationals
John Bane,Ashton Anderson,GA,1A,150,6,2026,Georgia Super 32 Early Entry
Joshua Stonebraker,Max Cable,TN,A,144,6,2025,2025 NHSCA High School Nationals
Kenneth Pritz,Kingston Strouse,NY,D1,152,6,2024,2024 NHSCA High School Nationals
Liam Hickey,Mason Knight,VA,6A,138,6,2024,2024 NHSCA High School Nationals
Logan Mumy,Jacob Borawski,MA,All-State,175,6,2026,2026 Fargo Junior Freestyle
Lorenzo Alston,Samuel Almedina,PA,AA,160,6,2024,2024 Super 32
Lorenzo Alston,George Johnson,NY,D1,145,6,2024,2024 NHSCA High School Nationals
Luke Richards,Cody Duvendack,MI,Division 1,113,6,2026,NC Super 32 Early Entry
Luke Richards,Ryder Thomas,UT,5A,106,6,2026,2026 NHSCA High School Nationals
Mac Johnson,Wyatt Davidson,SD,Class A,126,6,2026,2026 NHSCA High School Nationals
Mac Johnson,Chase Homan,PA,AA,121,6,2026,2026 Fargo Junior Freestyle
Mac Johnson,Chase Morrison,MI,Division 2,120,6,2025,2025 Ultimate Club Duals
Mac Johnson,Aaron Meza,CA,Boys,113,6,2024,2024 Fargo 16U Freestyle
Mac Johnson,Dylan Frothinger,ID,6A,120,6,2024,2024 Fargo 16U Freestyle
Marcello Scaldaferri,Brody McClure,AZ,D1,150,6,2025,2025 NHSCA High School Nationals
Mason Hollar,Max Vitale,WV,AAA,150,6,2025,2025 NHSCA High School Nationals
Mason Hollar,Max Vitale,WV,AAA,150,6,2026,2026 NHSCA High School Nationals
Miller Menteer,Carson Roberts,MD,4A/3A,120,6,2026,2026 NHSCA National Duals
Mitchell Rowland,Matthew Mayr,VA,2A,132,6,2025,Journeymen Fall Classic (OF)
Riley Johnson,Mario Hutcherson,PA,AAA,172,6,2024,2024 Fargo 16U Freestyle
Tobin McNair,Noah Leota,FL,1A,150,6,2024,2024 Super 32
Tobin McNair,Murphy Beyer,WI,D2,150,6,2025,2025 NHSCA High School Nationals
Tye Johnson,Mason Glotfelty,MD,2A/1A,126,6,2024,2024 NHSCA High School Nationals
Tyquez Wells,Gavin Smith,OR,3A Boys,285,6,2026,NC Super 32 Early Entry
Vincent Valentino,Noah Jackson,OH,Division I,157,6,2026,NC Super 32 Early Entry
Aaron Ellison,Gustavo Ferreira,FL,3A,138,7,2026,2026 AAU Scholastic Duals Boys
Aaron Ellison,Darion Shannon,FL,2A,144,7,2026,2026 AAU Scholastic Duals Boys
Aiden Burkholder,Alexavier Orellana,MA,All-State,106,7,2025,2025 NHSCA High School Nationals
Aiden Campbell,Bennet Palmeri,NY,D1,116,7,2026,2026 Journeymen Fall Classic
Andrew Meadows,Cross Rodriguez,CA,Boys,165,7,2026,2026 NHSCA High School Nationals
Avery Rhymer,Cameron Black,DE,Open,285,7,2026,2026 NHSCA High School Nationals
Bentley Sly,Gregory Torosian,CA,Boys,150,7,2024,2024 Fargo 16U Freestyle
Cael Dunn,Zach Filip,NY,D1,190,7,2026,2026 NHSCA High School Nationals
Colt Campbell,Curtis Tyler,FL,1A,190,7,2024,2024 NHSCA High School Nationals
Devin Hord,Ryan Farissier,DE,Open,106,7,2026,2026 NHSCA National Duals
Gabe Rogers,Clinton Thompson,FL,2A,138,7,2026,2026 NHSCA High School Nationals
Hayden Smith,Gavin Hannah,PA,AA,285,7,2023,2023 Fargo 16U Greco-Roman
Holton Quincy,Peter Filli,NY,D2,108,7,2026,2026 NHSCA National Duals
Jack Harty,Blake Hostetter,PA,AAA,172,7,2025,2025 Fargo Junior Freestyle
Jack Kancler,Cyler Baer,NY,D2,145,7,2026,2026 NHSCA National Duals
Jaxon Thomas,Alexavier Orellana,MA,All-State,106,7,2026,2026 NHSCA High School Nationals
Landon Pope,Brock sexton,KY,KHSAA Boys/Coed State Championship,215,7,2023,2023 NHSCA High School Nationals
Liam Hickey,Gavin Hoover,OH,Division II,132,7,2024,2024 NHSCA High School Nationals
Logan Hinton,James Moore,MI,Division 1,175,7,2025,2025 Fargo Junior Greco-Roman
Lorenzo Alston,Justice Thornton,IN,Open,138,7,2024,2024 Super 32
Mac Johnson,Royce Malone,IN,Open,120,7,2024,2024 Fargo 16U Freestyle
Nathan McCartney,Giorgio Valenzuela,NY,D1,170,7,2024,2024 NHSCA High School Nationals
Paxton Kearns,Erik Perez,FL,1A,113,7,2026,2026 AAU Scholastic Duals Boys
Tobin Mcnair,Devon Weber,NY,D1,138,7,2026,2026 Journeymen Fall Classic
Tobin McNair,Gavin Ciampoli,PA,AAA,139,7,2025,2025 Ultimate Club Duals
Tristen Lawrence,Duran Tucker,FL,3A,120,7,2024,2024 NHSCA High School Nationals
Aaron Ellison,Cohen Long,IN,Open,144,8,2025,2025 Fargo 16U Freestyle
Aiden Burkholder,Rhys Truman,SD,Class B,106,8,2026,2026 AAU Scholastic Duals Boys
Austin Laws,Aydin Lamb,MA,All-State,132,8,2025,2025 NHSCA High School Nationals
Avery Rhymer,Troy Ceja,CA,Boys,285,8,2026,2026 NHSCA High School Nationals
Bentley Sly,Clay Kimmy,PA,AA,145,8,2026,2026 Fargo Junior Freestyle
Cameron Gue,Austin Brinegar,KY,KHSAA Boys/Coed State Championship,132,8,2024,2024 NHSCA High School Nationals
Cooper Foster,James McGinty,NJ,Open,120,8,2023,2023 NHSCA High School Nationals
Daniel Silver,Abdur Bey,FL,2A,285,8,2023,2023 NHSCA High School Nationals
Jackson Rowling,Matthew Mercado,NY,D1,131,8,2024,2024 NHSCA High School Nationals
John Stewart,Armani McCann,NJ,Open,138,8,2025,2025 Super 32
Keyshon Morrison,Max Thomas,MA,All-State,215,8,2025,2025 NHSCA High School Nationals
Liam Hickey,Matthew Mercado,NY,D1,131,8,2025,2025 NHSCA High School Nationals
Maximus Davis,Clay Kimmy,PA,AA,145,8,2026,2026 Fargo Junior Freestyle
Mitchell Rowland,Aydin Lamb,MA,All-State,132,8,2025,Journeymen Fall Classic (OF)
Troy Shannon,Anthony Manno,CA,Boys,157,8,2025,2025 Fargo Junior Freestyle
Troy Shannon,Lane Blanchard,MI,Division 2,157,8,2025,2025 Fargo Junior Greco-Roman
Tye Johnson,Devyn Hicks,FL,2A,126,8,2026,2026 AAU Scholastic Duals Boys
